feature,importance_mean,importance_std,importance_share
search_share,440.30081324311925,251.86249921768373,0.3074301392660045
week_of_year,363.7946785500189,286.3948720702519,0.25401145155075733
Spend_Email,324.93060643639524,501.9281105123415,0.22687548735770896
Spend_Social,149.94304776072016,97.86673145113268,0.10469436046577126
social_share,99.78903545214435,80.81004172309964,0.06967544947352516
Spend_Display,53.43976211104196,100.89809544895594,0.03731311188623275
promo_flag,0.0,0.0,0.0
is_q4,0.0,0.0,0.0
Spend_Search,-0.09148890161991403,79.37438095402621,0.0
display_share,-10.24856167008943,143.8974011854263,0.0
Total_Marketing_Spend,-29.597287538704812,121.19249978887423,0.0
email_share,-100.24680197878256,175.6597046153334,0.0
discount_rate_pct,-104.55692131671636,163.51244190266732,0.0
