Week_Start,horizon_week,assumed_promo_flag,assumed_discount_rate_pct,Net_Revenue_forecast,Net_Revenue_lo80,Net_Revenue_hi80,Net_Revenue_method,Net_Profit_forecast,Net_Profit_lo80,Net_Profit_hi80,Net_Profit_method
2026-09-28,1,0,3.4919405297500226,180696.75,157089.0,214318.5,moving_avg_4w,19665.11681825439,8892.922289801561,32965.28149037194,GradientBoostingRegressor
2026-10-05,2,0,4.562170518293971,180696.75,157089.0,214318.5,moving_avg_4w,27300.43000953998,16528.23548108715,40600.59468165753,GradientBoostingRegressor
2026-10-12,3,0,2.7744384501045225,180696.75,157089.0,214318.5,moving_avg_4w,21599.862614779955,10827.668086327125,34900.0272868975,GradientBoostingRegressor
2026-10-19,4,1,10.2970423441252,180696.75,157089.0,214318.5,moving_avg_4w,24282.699970787286,13510.505442334455,37582.86464290483,GradientBoostingRegressor
2026-10-26,5,1,11.321938474365695,180696.75,157089.0,214318.5,moving_avg_4w,22740.97085133307,11968.77632288024,36041.13552345062,GradientBoostingRegressor
2026-11-02,6,0,3.491709074471073,180696.75,157089.0,214318.5,moving_avg_4w,23238.546747473825,12466.352219020995,36538.711419591375,GradientBoostingRegressor
2026-11-09,7,0,2.67920864650777,180696.75,157089.0,214318.5,moving_avg_4w,23284.767389095905,12512.572860643075,36584.932061213454,GradientBoostingRegressor
2026-11-16,8,0,2.7582089552238807,180696.75,157089.0,214318.5,moving_avg_4w,21432.103349637608,10659.908821184777,34732.26802175515,GradientBoostingRegressor
2026-11-23,9,1,9.79022529714387,180696.75,157089.0,214318.5,moving_avg_4w,26831.08757740377,16058.89304895094,40131.25224952132,GradientBoostingRegressor
2026-11-30,10,0,2.503414301043801,180696.75,157089.0,214318.5,moving_avg_4w,21215.780154611166,10443.585626158336,34515.944826728715,GradientBoostingRegressor
2026-12-07,11,0,2.75397172860904,180696.75,157089.0,214318.5,moving_avg_4w,24566.23238178973,13794.0378533369,37866.397053907276,GradientBoostingRegressor
2026-12-14,12,1,9.285417532197757,180696.75,157089.0,214318.5,moving_avg_4w,22044.526787634582,11272.332259181752,35344.69145975213,GradientBoostingRegressor
2026-12-21,13,1,10.492975065648032,180696.75,157089.0,214318.5,moving_avg_4w,24106.165151490888,13333.970623038058,37406.32982360844,GradientBoostingRegressor
