Week_ID,Week_Start,is_anomaly,anomaly_score,anomaly_reason,is_loss_week,loss_risk_rule,loss_risk_prob,loss_risk_flag
W001,2022-10-03,0,0.5253648658529356,,0,0,0.02747224641020447,0
W002,2022-10-10,0,0.42832329802729097,,0,0,0.020082981298935956,0
W003,2022-10-17,0,0.49005385565379234,,0,1,0.383419357322796,1
W004,2022-10-24,1,0.548015485670584,return rate % is 2.9 std dev below normal (2.21 vs typical 4.50),0,1,0.41922806049875183,1
W005,2022-10-31,0,0.4660279233731402,,0,1,0.598188228026726,1
W006,2022-11-07,0,0.4104549831662701,,1,0,0.9143366370281942,1
W007,2022-11-14,0,0.41406688833260313,,1,0,0.8797002350063939,1
W008,2022-11-21,0,0.49596376232235817,,0,1,0.5860861159361205,1
W009,2022-11-28,0,0.458924035516361,,0,1,0.6687425184871698,1
W010,2022-12-05,0,0.391972011401514,,0,0,0.9189945826631789,1
W011,2022-12-12,0,0.4162269336680568,,0,0,0.8477955363059487,1
W012,2022-12-19,0,0.534705862688648,,1,1,0.503060614729941,1
W013,2022-12-26,0,0.3994985118299862,,0,0,0.9051530397339028,1
W014,2023-01-02,0,0.4760382472174877,,1,0,0.9646760415829582,1
W015,2023-01-09,0,0.43737119371613714,,0,0,0.9713743577286639,1
W016,2023-01-16,0,0.4140240270470686,,0,0,0.9465641531897243,1
W017,2023-01-23,0,0.4109470960986379,,1,0,0.9201780734898968,1
W018,2023-01-30,0,0.4991650065157616,,1,0,0.9334980914617363,1
W019,2023-02-06,0,0.4644709857858375,,1,0,0.845458591804129,1
W020,2023-02-13,0,0.43818978289032207,,0,1,0.5988871005696065,1
W021,2023-02-20,0,0.4490300703279808,,0,0,0.9017965338550703,1
W022,2023-02-27,0,0.427432417763829,,1,0,0.9331061907162312,1
W023,2023-03-06,0,0.4021564887665283,,0,0,0.9499852991705909,1
W024,2023-03-13,0,0.532861251228786,,0,0,0.939555159450441,1
W025,2023-03-20,0,0.4903683300657772,,0,1,0.394050210701113,1
W026,2023-03-27,0,0.4750684246945291,,0,1,0.5642221545713153,1
W027,2023-04-03,0,0.4651330680843153,,1,0,0.8965200099319242,1
W028,2023-04-10,0,0.4060420597131693,,0,0,0.7918656450509675,1
W029,2023-04-17,0,0.4419464462403585,,0,0,0.9641540329314996,1
W030,2023-04-24,0,0.4070743572388885,,0,0,0.9516551545130641,1
W031,2023-05-01,0,0.4075516256342009,,0,0,0.831578860426923,1
W032,2023-05-08,0,0.413381393922666,,1,0,0.719689658515352,1
W033,2023-05-15,0,0.399341391220007,,0,0,0.49748717352458316,1
W034,2023-05-22,0,0.5254424872699842,,1,0,0.8522198738626066,1
W035,2023-05-29,1,0.5792852342602369,CAC is 2.6 std dev above normal (36.37 vs typical 25.32),1,0,0.6780193568623901,1
W036,2023-06-05,0,0.4039807388419457,,0,0,0.6095574093868769,1
W037,2023-06-12,0,0.4197104201012258,,0,0,0.6568542375993025,1
W038,2023-06-19,0,0.4617293657280865,,0,0,0.3403385727296078,1
W039,2023-06-26,0,0.4224676595023411,,0,0,0.4690637945025405,1
W040,2023-07-03,0,0.5075492753729618,,0,0,0.27725225626378885,1
W041,2023-07-10,0,0.460892296812922,,0,1,0.15286993201613885,1
W042,2023-07-17,0,0.5289392924835292,,0,1,0.520604211037406,1
W043,2023-07-24,0,0.4528385321013309,,0,0,0.6912458419554016,1
W044,2023-07-31,0,0.43182524694628627,,0,0,0.534588604318971,1
W045,2023-08-07,0,0.38965716317421084,,0,0,0.507077691961315,1
W046,2023-08-14,0,0.44705005287876876,,1,0,0.8602575754094596,1
W047,2023-08-21,0,0.4313422960494053,,0,0,0.4934055790380505,1
W048,2023-08-28,0,0.4880654679257273,,0,0,0.6935992310187078,1
W049,2023-09-04,0,0.4397581164237546,,0,0,0.6212048520484701,1
W050,2023-09-11,0,0.37392866506917494,,0,0,0.541112035260371,1
W051,2023-09-18,0,0.5065912288166488,,1,0,0.49093486325491653,1
W052,2023-09-25,0,0.40524600464198024,,0,0,0.2760921358538953,1
W053,2023-10-02,0,0.4301468258345834,,0,0,0.5019359448677143,1
W054,2023-10-09,0,0.4197717405917645,,0,0,0.44587659594692225,1
W055,2023-10-16,0,0.4343132984710593,,0,1,0.22570260907966766,1
W056,2023-10-23,0,0.474771251043912,,0,1,0.4999861062394176,1
W057,2023-10-30,0,0.48868983616082273,,0,1,0.24848693800492289,1
W058,2023-11-06,1,0.5676491206806447,marketing % of revenue is 2.7 std dev above normal (20.65 vs typical 14.83),1,0,0.6638410161981584,1
W059,2023-11-13,0,0.4347402886207006,,1,0,0.6731158268755804,1
W060,2023-11-20,0,0.4908473340677224,,0,1,0.31299394045311174,1
W061,2023-11-27,1,0.5660264510708685,conversion rate % is 2.5 std dev below normal (2.82 vs typical 3.79),1,1,0.5733943651786483,1
W062,2023-12-04,0,0.39136236246529166,,0,0,0.8844124077896862,1
W063,2023-12-11,0,0.42206380726408294,,0,0,0.8751410190775205,1
W064,2023-12-18,0,0.5416990786159438,,0,1,0.09898884305628246,1
W065,2023-12-25,0,0.47045144778677367,,1,0,0.8739086074026413,1
W066,2024-01-01,0,0.5141013810110119,,1,0,0.5956661050015503,1
W067,2024-01-08,0,0.4084469190841834,,0,0,0.6445899982652253,1
W068,2024-01-15,0,0.46082037610858306,,0,0,0.6842045104479392,1
W069,2024-01-22,0,0.393883328262781,,0,0,0.7393385484676357,1
W070,2024-01-29,0,0.4256298635123582,,0,0,0.6951706508789139,1
W071,2024-02-05,0,0.40471345145188725,,0,0,0.525642977196867,1
W072,2024-02-12,0,0.5002640809659439,,0,1,0.2522048719039432,1
W073,2024-02-19,0,0.5222127655752901,,1,0,0.6753423102485097,1
W074,2024-02-26,0,0.38156503174349254,,0,0,0.2220799884327547,1
W075,2024-03-04,0,0.3819428749263199,,0,0,0.6261161656141215,1
W076,2024-03-11,0,0.4323557983758676,,1,0,0.656298156602455,1
W077,2024-03-18,0,0.4212811595917513,,0,0,0.23526855872498298,1
W078,2024-03-25,0,0.490586266324199,,0,1,0.1164344550142868,1
W079,2024-04-01,0,0.44376125513523845,,0,0,0.4728640745919905,1
W080,2024-04-08,0,0.48677331061645807,,1,0,0.6710369460651535,1
W081,2024-04-15,0,0.3915026626402073,,0,0,0.4556211088680545,1
W082,2024-04-22,0,0.4295769563178383,,1,0,0.794634709043094,1
W083,2024-04-29,0,0.4114015689881112,,0,0,0.6855951291263294,1
W084,2024-05-06,0,0.40316430271206594,,0,0,0.6435213096491201,1
W085,2024-05-13,0,0.40301246112311817,,0,0,0.18662611298981618,1
W086,2024-05-20,0,0.4545273034435343,,0,0,0.38811012348047924,1
W087,2024-05-27,0,0.5011035878239272,,0,0,0.37092713782157316,1
W088,2024-06-03,0,0.41732088347184465,,0,0,0.2841921540372075,1
W089,2024-06-10,0,0.4191124035835566,,0,0,0.1513058592393106,1
W090,2024-06-17,0,0.47926181442750254,,0,0,0.17649307935295697,1
W091,2024-06-24,0,0.4667154367375968,,0,0,0.006887395189898425,0
W092,2024-07-01,0,0.418793029423112,,0,0,0.1004544886118242,1
W093,2024-07-08,0,0.46554724598334773,,0,1,0.02157992107687816,0
W094,2024-07-15,1,0.5527635544619739,new customer share is 2.5 std dev above normal (0.55 vs typical 0.46),0,1,0.04747852462105298,0
W095,2024-07-22,0,0.4338502985326415,,0,0,0.513468296383341,1
W096,2024-07-29,0,0.39488088908413455,,0,0,0.2953096047616507,1
W097,2024-08-05,0,0.39101452753579685,,0,0,0.3567908790108712,1
W098,2024-08-12,0,0.43507952983270354,,0,0,0.20436615976045205,1
W099,2024-08-19,0,0.42464266745533696,,0,0,0.30742757611629085,1
W100,2024-08-26,0,0.3960999484310144,,0,0,0.1918338123000032,1
W101,2024-09-02,0,0.45360853101362203,,0,0,0.09807473731627832,1
W102,2024-09-09,0,0.4260309283196824,,0,0,0.10081527349806285,1
W103,2024-09-16,0,0.5010291241687077,,0,0,0.05463575746852712,1
W104,2024-09-23,0,0.41565697734812324,,0,0,0.026313180085014293,0
W105,2024-09-30,0,0.421504012330445,,0,0,0.047450599792143694,0
W106,2024-10-07,0,0.4666179691264215,,0,0,0.05067790105029619,1
W107,2024-10-14,0,0.4219068105853796,,0,0,0.09313086685270447,1
W108,2024-10-21,0,0.4742435007646215,,0,1,0.12754638404480115,1
W109,2024-10-28,0,0.5184675362063079,,0,1,0.04485282561483087,0
W110,2024-11-04,0,0.4387049878624165,,0,0,0.4742198873964396,1
W111,2024-11-11,0,0.39995297152687537,,0,0,0.22727517103664183,1
W112,2024-11-18,0,0.3889488955578717,,0,0,0.39260407661399566,1
W113,2024-11-25,0,0.46811437120573457,,0,1,0.06401059784984839,1
W114,2024-12-02,0,0.39991045852205115,,0,0,0.3991505023389957,1
W115,2024-12-09,0,0.41325349199064065,,0,0,0.234392771948812,1
W116,2024-12-16,0,0.5142564474728041,,0,1,0.04438781176713068,0
W117,2024-12-23,0,0.44510425769263634,,0,1,0.028994335793195467,0
W118,2024-12-30,0,0.4108838108004567,,0,0,0.5936146055652274,1
W119,2025-01-06,1,0.6336194455535583,marketing % of revenue is 3.1 std dev above normal (21.61 vs typical 14.83),1,0,0.6011056557057046,1
W120,2025-01-13,0,0.43718920556668606,,0,0,0.35550094729910936,1
W121,2025-01-20,0,0.43142330364097203,,0,0,0.23746833411785714,1
W122,2025-01-27,0,0.4124588944886455,,0,0,0.10004406940121553,1
W123,2025-02-03,0,0.5304576233304559,,1,0,0.611808109679692,1
W124,2025-02-10,0,0.4898202898144165,,0,1,0.013514116507011011,0
W125,2025-02-17,0,0.4474778081277324,,0,0,0.44910857717686303,1
W126,2025-02-24,0,0.459680154060228,,0,0,0.11647130703006338,1
W127,2025-03-03,0,0.4611108784483647,,0,0,0.19668773961967576,1
W128,2025-03-10,0,0.4263329176497979,,0,0,0.3842540537070593,1
W129,2025-03-17,0,0.40852553335934355,,0,0,0.05535461558629366,1
W130,2025-03-24,0,0.46076232844727555,,0,1,0.003359736731401386,0
W131,2025-03-31,1,0.5593093182906597,CAC is 2.6 std dev above normal (36.37 vs typical 25.32),0,1,0.004042015023426836,0
W132,2025-04-07,0,0.505417880801965,,0,0,0.07502425042865533,1
W133,2025-04-14,0,0.4034049464034613,,0,0,0.24357253100962467,1
W134,2025-04-21,0,0.496310864236906,,0,0,0.2894746582365714,1
W135,2025-04-28,0,0.4078328383614437,,0,0,0.18980797751061254,1
W136,2025-05-05,0,0.4315202416441949,,0,0,0.01821715045270042,0
W137,2025-05-12,0,0.40299121344399325,,0,0,0.0054600243954916975,0
W138,2025-05-19,0,0.40076195429448574,,0,0,0.07530184097563404,1
W139,2025-05-26,0,0.4029658834962675,,0,0,0.04162413200289329,0
W140,2025-06-02,0,0.3876683558941981,,0,0,0.03991613693545842,0
W141,2025-06-09,0,0.4154302513027703,,0,0,0.10251341867504403,1
W142,2025-06-16,0,0.45188548071507045,,0,0,0.06658593676346808,1
W143,2025-06-23,0,0.4562289356516537,,0,0,0.006733727645303475,0
W144,2025-06-30,0,0.40575179119133536,,0,0,0.0034218196423365563,0
W145,2025-07-07,0,0.38297259310535653,,0,0,0.029099173616389334,0
W146,2025-07-14,0,0.4566363745528315,,0,1,0.002333627126764573,0
W147,2025-07-21,0,0.4735358468373094,,0,0,0.014989628668331695,0
W148,2025-07-28,0,0.4746476378757245,,0,0,0.022680057061315786,0
W149,2025-08-04,0,0.431229632910411,,0,0,0.013209864127147301,0
W150,2025-08-11,0,0.39858435589603314,,0,0,0.013310145783638434,0
W151,2025-08-18,0,0.48736990589211626,,0,0,0.02342908238993849,0
W152,2025-08-25,0,0.42881395163291186,,0,0,0.017982225098332756,0
W153,2025-09-01,0,0.3972042259748428,,0,0,0.004308829614475048,0
W154,2025-09-08,0,0.4089228928199459,,0,0,0.015297402242636858,0
W155,2025-09-15,0,0.4076889293268337,,0,0,0.018162378238275753,0
W156,2025-09-22,0,0.40496410811500555,,0,0,0.026126398380155076,0
W157,2025-09-29,0,0.5046680068566516,,0,0,0.005835066013399339,0
W158,2025-10-06,0,0.41752646279724853,,0,0,0.014931135641052215,0
W159,2025-10-13,0,0.44190107919948013,,0,0,0.004296361673638663,0
W160,2025-10-20,0,0.48382628011975787,,0,1,0.010937515685189246,0
W161,2025-10-27,1,0.5758759461143363,lead to order % is 2.3 std dev above normal (53.32 vs typical 45.04),0,1,0.007243743470104165,0
W162,2025-11-03,0,0.42460290619343005,,0,0,0.11195960803229571,1
W163,2025-11-10,0,0.3900138808161456,,0,0,0.01711995109910676,0
W164,2025-11-17,0,0.4861651052020542,,0,0,0.06174413154325924,1
W165,2025-11-24,0,0.43895473253394984,,0,1,0.013247479252249577,0
W166,2025-12-01,0,0.42634266521372927,,0,0,0.1802136483324935,1
W167,2025-12-08,0,0.45504493007176916,,0,0,0.11030220992940906,1
W168,2025-12-15,0,0.41744992285665744,,0,1,0.003898925799122905,0
W169,2025-12-22,1,0.5941254461687424,CTR % is 2.7 std dev above normal (2.59 vs typical 2.12),0,1,0.006662188378904749,0
W170,2025-12-29,0,0.4985372881562869,,0,0,0.20118388565214002,1
W171,2026-01-05,0,0.4471101436255053,,0,0,0.06190827586598834,1
W172,2026-01-12,0,0.46277861173892043,,0,0,0.08171807494380298,1
W173,2026-01-19,0,0.4025681226436295,,0,0,0.01743756275492404,0
W174,2026-01-26,0,0.3922238965213714,,0,0,0.011340532622065705,0
W175,2026-02-02,0,0.49623644825797547,,0,0,0.05054895936692634,1
W176,2026-02-09,0,0.47134218093939406,,0,1,0.0014642482450946093,0
W177,2026-02-16,0,0.44452732556059477,,0,0,0.0380887114186104,0
W178,2026-02-23,0,0.4683211007170881,,0,0,0.018568887982979527,0
W179,2026-03-02,0,0.44640060063376436,,0,0,0.042472828762041,0
W180,2026-03-09,0,0.5047917038083347,,0,0,0.060784753883519095,1
W181,2026-03-16,0,0.4284263051616651,,0,0,0.008829457614368567,0
W182,2026-03-23,0,0.4993498518758267,,0,1,0.0006152627764050738,0
W183,2026-03-30,0,0.4361486398012134,,0,1,0.007829529021950474,0
W184,2026-04-06,0,0.40795532984349975,,0,0,0.020143442993696248,0
W185,2026-04-13,0,0.4135339632749193,,0,0,0.05456311520274073,1
W186,2026-04-20,0,0.3944329330956112,,0,0,0.0165817871503981,0
W187,2026-04-27,0,0.4537306169297584,,0,0,0.01805642502706694,0
W188,2026-05-04,0,0.4013823272702547,,0,0,0.028346567488030546,0
W189,2026-05-11,0,0.4193545482131241,,0,0,0.005605804675766464,0
W190,2026-05-18,0,0.4488985225202755,,0,0,0.004150454286611702,0
W191,2026-05-25,0,0.3957384897253943,,0,0,0.00352987769732579,0
W192,2026-06-01,0,0.4658853046840395,,0,0,0.0037243178536474574,0
W193,2026-06-08,0,0.4520508878883754,,0,0,0.026255362965268158,0
W194,2026-06-15,0,0.39671094084151826,,0,0,0.0008443432366633162,0
W195,2026-06-22,0,0.39819309405457143,,0,0,0.0019280223414423617,0
W196,2026-06-29,0,0.4919024210164252,,0,0,0.000580680277732989,0
W197,2026-07-06,0,0.40211572640336657,,0,0,0.002685562748107444,0
W198,2026-07-13,0,0.5116047167607329,,0,1,0.00020525944808122117,0
W199,2026-07-20,0,0.5102840662883713,,0,0,0.016375765547166722,0
W200,2026-07-27,0,0.4391489687132309,,0,0,0.005125632468837168,0
W201,2026-08-03,0,0.4313770730423419,,0,0,0.004560464535930546,0
W202,2026-08-10,0,0.4075788488791818,,0,0,0.0022137307386660395,0
W203,2026-08-17,0,0.44819853827574613,,0,0,0.0005532487221894747,0
W204,2026-08-24,0,0.406720158968852,,0,0,0.0018503177939949995,0
W205,2026-08-31,1,0.5530081704412113,ROAS is 2.7 std dev above normal (9.52 vs typical 6.75),0,0,0.0037470836148475926,0
W206,2026-09-07,0,0.39397251969825764,,0,0,0.011336869681427,0
W207,2026-09-14,0,0.4621270961697084,,0,0,0.00041559786271175487,0
W208,2026-09-21,1,0.5545603338842716,return rate % is 1.9 std dev above normal (6.01 vs typical 4.50),0,0,0.0016184551352881448,0
