Week_ID,Week_Start,Year,Quarter,Month,Promo_Event,Spend_Search,Spend_Social,Spend_Email,Spend_Display,Total_Marketing_Spend,Impressions,Clicks,CTR_pct,CPC,Leads,Orders,New_Customers,Repeat_Customer_Rate_pct,CAC,Units_Sold,Avg_Order_Value,Gross_Revenue,Discounts,Returns,Net_Revenue,COGS,Gross_Profit,Gross_Margin_pct,Payroll,Other_Opex,EBITDA,Depreciation,Interest,Tax,Net_Profit,Net_Margin_pct,AR_Outstanding,DSO_Days,ROAS,Marketing_ROI_pct,Cash_Balance,Customer_LTV_est,LTV_to_CAC
W001,2022-10-03,2022,Q4,Oct,None,5630.0,4278.0,1255.0,2299.0,13462.0,1342508,26270,1.96,0.51,2197,1207,613,49.2,21.96,2445,79.27,95679.0,3428.0,4467.0,87784.0,39941.0,47843.0,54.5,18562.0,8986.0,6833.0,1800,1100.0,983.0,2950.0,3.4,36650.0,2.9,6.52,255.4,183275.0,217.73,9.91
W002,2022-10-10,2022,Q4,Oct,None,5098.0,4440.0,1271.0,2138.0,12947.0,1356486,30468,2.25,0.42,2210,1063,459,56.8,28.21,2080,79.3,84296.0,1730.0,3674.0,78892.0,33777.0,45115.0,57.2,18568.0,8982.0,4618.0,1804,1098.0,429.0,1287.0,1.6,28922.0,2.6,6.09,248.5,193450.0,185.52,6.58
W003,2022-10-17,2022,Q4,Oct,Festive Sale,6812.0,5695.0,1362.0,2538.0,16407.0,1673526,40245,2.4,0.41,3732,1811,849,53.1,19.33,3572,71.6,129668.0,13411.0,6250.0,110007.0,50519.0,59488.0,54.1,18694.0,9726.0,14661.0,1808,1095.0,2940.0,8818.0,8.0,45601.0,2.9,6.7,262.6,182988.0,143.32,7.41
W004,2022-10-24,2022,Q4,Oct,Festive Sale,6882.0,4844.0,1495.0,2856.0,16077.0,1618063,37463,2.32,0.43,3639,1609,740,54.0,21.73,3026,75.63,121689.0,15185.0,2690.0,103814.0,49649.0,54165.0,52.2,18701.0,9589.0,9798.0,1812,1092.0,1724.0,5170.0,5.0,36068.0,2.4,6.46,236.9,196918.0,176.47,8.12
W005,2022-10-31,2022,Q4,Oct,Festive Sale,5563.0,5339.0,1372.0,2412.0,14686.0,1568238,34276,2.19,0.43,2695,1330,627,52.9,23.42,2909,78.32,104166.0,12150.0,4939.0,87077.0,41255.0,45822.0,52.6,18678.0,8523.0,3935.0,1816,1090.0,257.0,772.0,0.9,33706.0,2.7,5.93,212.0,201482.0,164.04,7.0
W006,2022-11-07,2022,Q4,Nov,None,4953.0,4354.0,1085.0,1829.0,12221.0,1385490,27310,1.97,0.45,2387,1052,455,56.7,26.86,2438,80.91,85117.0,2336.0,3753.0,79028.0,37679.0,41349.0,52.3,18770.0,8967.0,1391.0,1820,1088.0,0.0,-1517.0,-1.9,31143.0,2.8,6.47,238.3,204348.0,194.22,7.23
W007,2022-11-14,2022,Q4,Nov,None,5491.0,4397.0,1103.0,2446.0,13437.0,1592841,32165,2.02,0.42,2547,1088,497,54.3,27.04,2471,78.26,85147.0,3150.0,3797.0,78200.0,34606.0,43594.0,55.7,18692.0,9140.0,2325.0,1824,1085.0,0.0,-584.0,-0.7,29234.0,2.6,5.82,224.4,207498.0,179.39,6.63
W008,2022-11-21,2022,Q4,Nov,Black Friday,6273.0,5677.0,1216.0,3053.0,16219.0,1780900,42410,2.38,0.38,3392,1525,604,60.4,26.85,2905,74.1,113002.0,13087.0,5724.0,94191.0,43867.0,50324.0,53.4,18810.0,9334.0,5961.0,1828,1082.0,763.0,2288.0,2.4,37317.0,2.8,5.81,210.3,202386.0,158.69,5.91
W009,2022-11-28,2022,Q4,Nov,Black Friday,6404.0,5502.0,1272.0,2516.0,15694.0,1842938,39746,2.16,0.39,3625,1666,775,53.5,20.25,3644,73.7,122784.0,15300.0,5452.0,102032.0,45517.0,56515.0,55.4,18630.0,9514.0,12677.0,1832,1080.0,2441.0,7324.0,7.2,37685.0,2.6,6.5,260.1,207512.0,169.31,8.36
W010,2022-12-05,2022,Q4,Dec,None,5109.0,4914.0,1121.0,1897.0,13041.0,1397832,30272,2.17,0.43,2564,1158,554,52.2,23.54,2629,80.32,93011.0,2372.0,3337.0,87302.0,39930.0,47372.0,54.3,18869.0,9522.0,5940.0,1836,1078.0,756.0,2270.0,2.6,30908.0,2.5,6.69,263.3,217260.0,193.09,8.2
W011,2022-12-12,2022,Q4,Dec,None,5772.0,4448.0,1215.0,2148.0,13583.0,1546290,29592,1.91,0.46,2927,1157,522,54.9,26.02,2366,79.55,92039.0,2481.0,4038.0,85520.0,37575.0,47945.0,56.1,18959.0,8869.0,6534.0,1840,1075.0,905.0,2714.0,3.2,37990.0,3.1,6.3,253.0,213376.0,184.39,7.09
W012,2022-12-19,2022,Q4,Dec,Year-End Sale,6775.0,5054.0,1523.0,2543.0,15895.0,1644582,37322,2.27,0.43,3028,1221,483,60.4,32.91,2579,77.78,94969.0,10855.0,4325.0,79789.0,35654.0,44135.0,55.3,18740.0,8544.0,956.0,1844,1072.0,0.0,-1960.0,-2.5,33668.0,3.0,5.02,177.7,217582.0,174.24,5.29
W013,2022-12-26,2022,Q4,Dec,None,5481.0,4441.0,1042.0,2174.0,13138.0,1414997,29948,2.12,0.44,2785,1106,552,50.1,23.8,2056,79.54,87971.0,2380.0,4040.0,81551.0,36408.0,45143.0,55.4,18909.0,9100.0,3996.0,1848,1070.0,270.0,808.0,1.0,28507.0,2.4,6.21,243.6,224994.0,182.45,7.67
W014,2023-01-02,2023,Q1,Jan,None,5376.0,4191.0,1083.0,1856.0,12506.0,1322997,32635,2.47,0.38,2799,1023,485,52.6,25.79,2181,81.81,83692.0,2064.0,3875.0,77753.0,36177.0,41576.0,53.5,18815.0,9478.0,777.0,1852,1068.0,0.0,-2143.0,-2.8,31314.0,2.8,6.22,232.4,221896.0,167.13,6.48
W015,2023-01-09,2023,Q1,Jan,None,5164.0,4186.0,981.0,2101.0,12432.0,1548110,29312,1.89,0.42,2678,1142,492,56.9,25.27,2252,79.61,90915.0,1220.0,4847.0,84848.0,39379.0,45469.0,53.6,18866.0,9998.0,4173.0,1856,1065.0,313.0,939.0,1.1,29722.0,2.5,6.82,265.7,225814.0,184.3,7.29
W016,2023-01-16,2023,Q1,Jan,None,4720.0,3837.0,1098.0,2102.0,11757.0,1319521,30623,2.32,0.38,2493,1160,521,55.1,22.57,2464,81.9,95004.0,2602.0,3450.0,88952.0,40724.0,48228.0,54.2,18786.0,9727.0,7958.0,1860,1062.0,1259.0,3777.0,4.2,29587.0,2.3,7.57,310.2,229698.0,162.64,7.21
W017,2023-01-23,2023,Q1,Jan,None,5177.0,4200.0,1058.0,1825.0,12260.0,1237084,26257,2.12,0.47,2221,990,396,60.0,30.96,1894,82.27,81447.0,2624.0,3780.0,75043.0,32880.0,42163.0,56.2,19274.0,8558.0,2071.0,1864,1060.0,0.0,-853.0,-1.1,31620.0,2.9,6.12,243.9,228676.0,188.03,6.07
W018,2023-01-30,2023,Q1,Jan,None,4735.0,4264.0,936.0,2150.0,12085.0,1396834,30195,2.16,0.4,2539,923,387,58.1,31.23,1998,77.03,71099.0,1923.0,3933.0,65243.0,29391.0,35852.0,55.0,19269.0,8865.0,-4367.0,1868,1058.0,0.0,-7293.0,-11.2,20345.0,2.2,5.4,196.7,234526.0,187.59,6.01
W019,2023-02-06,2023,Q1,Feb,None,5597.0,5129.0,1188.0,2436.0,14350.0,1538803,32588,2.12,0.44,2552,1108,486,56.1,29.53,2463,73.92,81903.0,3408.0,2549.0,75946.0,33821.0,42125.0,55.5,19202.0,9284.0,-711.0,1872,1055.0,0.0,-3638.0,-4.8,31675.0,2.9,5.29,193.6,221430.0,176.04,5.96
W020,2023-02-13,2023,Q1,Feb,Valentine Promo,6244.0,5862.0,1269.0,2561.0,15936.0,1691183,40025,2.37,0.4,3614,1505,766,49.1,20.8,3019,81.32,122387.0,12601.0,5683.0,104103.0,48396.0,55707.0,53.5,19510.0,9824.0,10437.0,1876,1052.0,1877.0,5632.0,5.4,38507.0,2.6,6.53,249.6,219290.0,190.43,9.16
W021,2023-02-20,2023,Q1,Feb,None,5280.0,4159.0,1089.0,2109.0,12637.0,1403777,29156,2.08,0.43,2630,1320,573,56.6,22.05,2592,80.69,106511.0,4020.0,4294.0,98197.0,46008.0,52189.0,53.1,19130.0,9860.0,10562.0,1880,1050.0,1908.0,5724.0,5.8,36484.0,2.6,7.77,313.0,226054.0,179.12,8.12
W022,2023-02-27,2023,Q1,Feb,None,5135.0,4369.0,1055.0,2156.0,12715.0,1375354,31882,2.32,0.4,2861,1108,538,51.4,23.63,2040,74.48,82524.0,2605.0,3469.0,76450.0,35691.0,40759.0,53.3,19781.0,8851.0,-588.0,1884,1048.0,0.0,-3520.0,-4.6,30304.0,2.8,6.01,220.6,230598.0,180.66,7.65
W023,2023-03-06,2023,Q1,Mar,None,5902.0,4035.0,1097.0,2290.0,13324.0,1417305,28793,2.03,0.46,2801,1185,520,56.1,25.62,2451,77.77,92157.0,3222.0,3480.0,85455.0,38042.0,47413.0,55.5,19189.0,9433.0,5467.0,1888,1045.0,634.0,1900.0,2.2,34460.0,2.8,6.41,255.8,229280.0,193.26,7.54
W024,2023-03-13,2023,Q1,Mar,None,5424.0,4347.0,1195.0,1946.0,12912.0,1346376,30561,2.27,0.42,2952,1422,668,53.0,19.33,2887,82.63,117500.0,3722.0,5128.0,108650.0,45795.0,62855.0,57.9,19315.0,10048.0,20580.0,1892,1042.0,4412.0,13234.0,12.2,37696.0,2.4,8.41,386.8,234554.0,207.34,10.73
W025,2023-03-20,2023,Q1,Mar,Spring Launch,6332.0,5518.0,1363.0,2667.0,15880.0,1743786,38422,2.2,0.41,3151,1434,652,54.5,24.36,2745,76.17,109228.0,11733.0,6524.0,90971.0,39391.0,51580.0,56.7,19222.0,9866.0,6612.0,1896,1040.0,919.0,2757.0,3.0,37181.0,2.9,5.73,224.8,238343.0,193.41,7.94
W026,2023-03-27,2023,Q1,Mar,Spring Launch,6425.0,5907.0,1425.0,2587.0,16344.0,1796631,41160,2.29,0.4,3621,1617,800,50.5,20.43,3484,75.55,122164.0,16051.0,4262.0,101851.0,48005.0,53846.0,52.9,19404.0,9440.0,8658.0,1900,1038.0,1430.0,4290.0,4.2,39165.0,2.7,6.23,229.5,240404.0,176.85,8.66
W027,2023-04-03,2023,Q2,Apr,None,5843.0,4420.0,1222.0,2569.0,14054.0,1363944,26450,1.94,0.53,2116,1026,450,56.1,31.23,2099,84.94,87148.0,2874.0,3106.0,81168.0,36463.0,44705.0,55.1,19528.0,9219.0,1904.0,1904,1035.0,0.0,-1035.0,-1.3,26766.0,2.3,5.78,218.1,253672.0,190.4,6.1
W028,2023-04-10,2023,Q2,Apr,None,5829.0,4484.0,1313.0,2267.0,13893.0,1505818,32650,2.17,0.43,2781,1264,502,60.3,27.68,2491,77.15,97518.0,3140.0,3373.0,91005.0,40506.0,50499.0,55.5,19377.0,8482.0,8747.0,1908,1032.0,1452.0,4355.0,4.8,33964.0,2.6,6.55,263.5,250560.0,162.57,5.87
W029,2023-04-17,2023,Q2,Apr,None,5899.0,4029.0,1184.0,2586.0,13698.0,1389420,32190,2.32,0.43,2582,1238,501,59.5,27.34,2517,78.05,96626.0,2732.0,5683.0,88211.0,41791.0,46420.0,52.6,19778.0,9268.0,3676.0,1912,1030.0,184.0,550.0,0.6,38394.0,3.0,6.44,238.9,248316.0,177.61,6.5
W030,2023-04-24,2023,Q2,Apr,None,5958.0,4728.0,1097.0,2155.0,13938.0,1363606,28478,2.09,0.49,2790,1181,518,56.1,26.91,2632,81.4,96133.0,3118.0,3970.0,89045.0,41780.0,47265.0,53.1,19512.0,9332.0,4483.0,1916,1028.0,385.0,1154.0,1.3,39809.0,3.1,6.39,239.1,249394.0,188.62,7.01
W031,2023-05-01,2023,Q2,May,None,6706.0,4464.0,1326.0,2452.0,14948.0,1537357,31830,2.07,0.47,2798,1330,545,59.0,27.43,2889,82.07,109153.0,4738.0,4889.0,99526.0,45224.0,54302.0,54.6,19552.0,9353.0,10449.0,1920,1025.0,1876.0,5628.0,5.7,40676.0,2.9,6.66,263.3,253262.0,202.86,7.4
W032,2023-05-08,2023,Q2,May,None,5711.0,4681.0,1215.0,2427.0,14034.0,1515828,29298,1.93,0.48,2439,1046,498,52.4,28.18,2180,82.51,86305.0,2449.0,3606.0,80250.0,36138.0,44112.0,55.0,19355.0,9450.0,1273.0,1924,1022.0,0.0,-1673.0,-2.1,26674.0,2.3,5.72,214.3,267514.0,177.85,6.31
W033,2023-05-15,2023,Q2,May,None,5710.0,4597.0,1351.0,2246.0,13904.0,1412333,29173,2.07,0.48,2758,1280,565,55.9,24.61,2783,83.95,107456.0,3494.0,4024.0,99938.0,45217.0,54721.0,54.8,19647.0,9764.0,11406.0,1928,1020.0,2114.0,6344.0,6.3,39938.0,2.8,7.19,293.6,259350.0,180.71,7.34
W034,2023-05-22,2023,Q2,May,None,5625.0,4899.0,1296.0,2439.0,14259.0,1603807,29848,1.86,0.48,2019,1031,572,44.5,24.93,2021,81.73,84264.0,3164.0,3633.0,77467.0,35360.0,42107.0,54.4,19573.0,8443.0,-168.0,1932,1018.0,0.0,-3118.0,-4.0,32074.0,2.9,5.43,195.3,266028.0,192.87,7.74
W035,2023-05-29,2023,Q2,May,None,6262.0,4353.0,1258.0,2630.0,14503.0,1434395,28158,1.96,0.52,1940,963,376,61.0,38.57,2026,82.77,79708.0,2937.0,5154.0,71617.0,33859.0,37758.0,52.7,19513.0,9325.0,-5583.0,1936,1015.0,0.0,-8534.0,-11.9,29293.0,2.9,4.94,160.3,262212.0,182.27,4.73
W036,2023-06-05,2023,Q2,Jun,None,6516.0,4481.0,1309.0,2383.0,14689.0,1487970,31754,2.13,0.46,2901,1308,612,53.2,24.0,2770,80.43,105202.0,3163.0,5906.0,96133.0,44123.0,52010.0,54.1,19513.0,9366.0,8442.0,1940,1012.0,1372.0,4118.0,4.3,39549.0,2.9,6.54,254.1,255954.0,158.14,6.59
W037,2023-06-12,2023,Q2,Jun,None,6022.0,5768.0,1459.0,2161.0,15410.0,1581377,36338,2.3,0.42,3106,1320,548,58.5,28.12,2698,81.57,107672.0,1690.0,4111.0,101871.0,47131.0,54740.0,53.7,20225.0,10056.0,9049.0,1944,1010.0,1524.0,4571.0,4.5,40191.0,2.8,6.61,255.2,259542.0,188.9,6.72
W038,2023-06-19,2023,Q2,Jun,None,5739.0,4588.0,1478.0,2460.0,14265.0,1507994,38022,2.52,0.38,3308,1339,590,55.9,24.18,2882,81.81,109544.0,3626.0,5497.0,100421.0,46990.0,53431.0,53.2,19680.0,9329.0,10157.0,1948,1008.0,1800.0,5401.0,5.4,37869.0,2.6,7.04,274.6,266512.0,158.61,6.56
W039,2023-06-26,2023,Q2,Jun,None,5768.0,4674.0,1301.0,2316.0,14059.0,1511267,30407,2.01,0.46,2262,1088,507,53.4,27.73,2183,82.26,89499.0,1493.0,3432.0,84574.0,37180.0,47394.0,56.0,19477.0,9545.0,4313.0,1952,1005.0,339.0,1017.0,1.2,30080.0,2.5,6.02,237.1,276762.0,180.41,6.51
W040,2023-07-03,2023,Q3,Jul,None,6421.0,5731.0,1314.0,2421.0,15887.0,1611248,37305,2.32,0.43,3164,1297,476,63.3,33.38,2803,84.17,109168.0,4238.0,3361.0,101569.0,47017.0,54552.0,53.7,19660.0,9769.0,9236.0,1956,1002.0,1570.0,4708.0,4.6,30885.0,2.1,6.39,243.4,280267.0,208.17,6.24
W041,2023-07-10,2023,Q3,Jul,Mid-Year Sale,7643.0,7229.0,1653.0,2917.0,19442.0,2161874,50514,2.34,0.38,5103,2157,1013,53.0,19.19,4673,80.22,173035.0,17237.0,9198.0,146600.0,66065.0,80535.0,54.9,19822.0,10913.0,30358.0,1960,1000.0,6850.0,20548.0,14.0,57700.0,2.8,7.54,314.2,265686.0,209.08,10.9
W042,2023-07-17,2023,Q3,Jul,Mid-Year Sale,7555.0,5525.0,1448.0,2588.0,17116.0,1774277,40406,2.28,0.42,3701,1500,804,46.4,21.29,2625,78.7,118050.0,10688.0,6408.0,100954.0,42763.0,58191.0,57.6,19974.0,9938.0,11163.0,1964,998.0,2050.0,6151.0,6.1,39114.0,2.7,5.9,240.0,289312.0,173.86,8.17
W043,2023-07-24,2023,Q3,Jul,None,5887.0,4974.0,1337.0,2212.0,14410.0,1374483,29756,2.16,0.48,2570,1268,560,55.8,25.73,2844,79.28,100527.0,2472.0,5365.0,92690.0,39681.0,53009.0,57.2,20009.0,9630.0,8960.0,1968,995.0,1499.0,4498.0,4.9,37289.0,2.8,6.43,267.9,295354.0,185.98,7.23
W044,2023-07-31,2023,Q3,Jul,None,6278.0,5230.0,1304.0,2579.0,15391.0,1489932,31427,2.11,0.49,2561,1119,526,53.0,29.26,1941,82.25,92038.0,1904.0,3796.0,86338.0,38100.0,48238.0,55.9,20067.0,8999.0,3781.0,1972,992.0,204.0,613.0,0.7,28189.0,2.3,5.61,213.4,306732.0,193.69,6.62
W045,2023-08-07,2023,Q3,Aug,None,6227.0,5725.0,1335.0,2403.0,15690.0,1680954,35578,2.12,0.44,2912,1271,637,49.9,24.63,2575,82.03,104260.0,3291.0,4553.0,96416.0,44352.0,52064.0,54.0,19836.0,9233.0,7305.0,1976,990.0,1085.0,3254.0,3.4,39126.0,2.8,6.15,231.8,299398.0,209.71,8.51
W046,2023-08-14,2023,Q3,Aug,None,6266.0,4751.0,1229.0,2045.0,14291.0,1453705,29637,2.04,0.48,2014,994,451,54.6,31.69,2210,82.85,82353.0,2454.0,4200.0,75699.0,34411.0,41288.0,54.5,20067.0,9185.0,-2255.0,1980,988.0,0.0,-5223.0,-6.9,34987.0,3.2,5.3,188.9,300294.0,182.97,5.77
W047,2023-08-21,2023,Q3,Aug,None,6539.0,5009.0,1159.0,2626.0,15333.0,1632853,30866,1.89,0.5,2687,1352,591,56.3,25.94,2788,89.57,121099.0,3276.0,5829.0,111994.0,51067.0,60927.0,54.4,19856.0,10151.0,15587.0,1984,985.0,3154.0,9464.0,8.5,42909.0,2.7,7.3,297.4,299088.0,197.68,7.62
W048,2023-08-28,2023,Q3,Aug,None,6248.0,5364.0,1113.0,2532.0,15257.0,1651831,30864,1.87,0.49,2832,1317,486,63.1,31.39,2534,80.67,106242.0,3241.0,4446.0,98555.0,47009.0,51546.0,52.3,19941.0,9651.0,6697.0,1988,982.0,932.0,2795.0,2.8,37208.0,2.6,6.46,237.9,308174.0,196.8,6.27
W049,2023-09-04,2023,Q3,Sep,None,6430.0,5230.0,1197.0,2355.0,15212.0,1628486,35794,2.2,0.42,2591,1193,579,51.5,26.27,2349,83.89,100081.0,4664.0,3207.0,92210.0,40407.0,51803.0,56.2,19914.0,10026.0,6651.0,1992,980.0,920.0,2759.0,3.0,36180.0,2.7,6.06,240.5,312574.0,192.71,7.34
W050,2023-09-11,2023,Q3,Sep,None,6151.0,4929.0,1253.0,2244.0,14577.0,1603469,33007,2.06,0.44,2631,1259,573,54.5,25.44,2799,86.12,108425.0,3796.0,4978.0,99651.0,45161.0,54490.0,54.7,19892.0,9822.0,10199.0,1996,978.0,1806.0,5419.0,5.4,45968.0,3.2,6.84,273.8,307492.0,208.06,8.18
W051,2023-09-18,2023,Q3,Sep,None,6228.0,5000.0,1265.0,2609.0,15102.0,1531941,30801,2.01,0.49,2333,973,408,58.1,37.01,1819,83.0,80759.0,2931.0,4331.0,73497.0,33560.0,39937.0,54.3,20380.0,9034.0,-4579.0,2000,975.0,0.0,-7554.0,-10.3,24919.0,2.4,4.87,164.4,322986.0,169.32,4.57
W052,2023-09-25,2023,Q3,Sep,None,6354.0,4548.0,1462.0,2518.0,14882.0,1460603,30691,2.1,0.48,2372,1127,524,53.5,28.4,2519,90.51,102005.0,3577.0,3613.0,94815.0,42150.0,52665.0,55.5,20337.0,9744.0,7702.0,2004,972.0,1182.0,3544.0,3.7,36800.0,2.7,6.37,253.9,314882.0,208.4,7.34
W053,2023-10-02,2023,Q4,Oct,None,5773.0,5228.0,1465.0,3029.0,15495.0,1628007,36129,2.22,0.43,3086,1584,692,56.3,22.39,3316,81.61,129270.0,5026.0,6478.0,117766.0,53468.0,64298.0,54.6,20429.0,10414.0,17960.0,2008,970.0,3746.0,11236.0,9.5,40984.0,2.4,7.6,315.0,318324.0,164.96,7.37
W054,2023-10-09,2023,Q4,Oct,None,6267.0,5202.0,1265.0,2665.0,15399.0,1688281,35911,2.13,0.43,2454,1203,528,56.1,29.16,2354,84.04,101100.0,2918.0,4818.0,93364.0,40529.0,52835.0,56.6,20273.0,9974.0,7189.0,2012,968.0,1052.0,3157.0,3.4,33435.0,2.5,6.06,243.1,329463.0,184.72,6.33
W055,2023-10-16,2023,Q4,Oct,Festive Sale,7294.0,6338.0,1634.0,3128.0,18394.0,2109857,46450,2.2,0.4,4177,1817,880,51.6,20.9,3689,77.18,140236.0,12600.0,7152.0,120484.0,56697.0,63787.0,52.9,20456.0,11147.0,13790.0,2016,965.0,2702.0,8107.0,6.7,45545.0,2.6,6.55,246.8,323422.0,181.76,8.7
W056,2023-10-23,2023,Q4,Oct,Festive Sale,7185.0,5977.0,1546.0,3002.0,17710.0,1860026,46202,2.48,0.38,4206,1888,767,59.4,23.09,3734,78.7,148586.0,16151.0,7723.0,124712.0,55559.0,69153.0,55.5,19973.0,10222.0,21248.0,2020,962.0,4566.0,13700.0,11.0,54112.0,3.0,7.04,290.5,323726.0,182.8,7.92
W057,2023-10-30,2023,Q4,Oct,Festive Sale,7357.0,6408.0,1555.0,3203.0,18523.0,1761431,44685,2.54,0.41,3708,1749,878,49.8,21.1,3855,80.71,141162.0,14793.0,5568.0,120801.0,57741.0,63060.0,52.2,20541.0,10391.0,13605.0,2024,960.0,2655.0,7966.0,6.6,54607.0,3.2,6.52,240.4,329238.0,172.92,8.2
W058,2023-11-06,2023,Q4,Nov,None,7006.0,5617.0,1359.0,2674.0,16656.0,1616658,35149,2.17,0.47,2290,992,401,59.6,41.54,2170,86.16,85471.0,2067.0,2741.0,80663.0,36499.0,44164.0,54.8,20434.0,9797.0,-2723.0,2028,958.0,0.0,-5709.0,-7.1,32098.0,2.8,4.84,165.2,348066.0,187.7,4.52
W059,2023-11-13,2023,Q4,Nov,None,5947.0,5292.0,1397.0,2781.0,15417.0,1616638,36310,2.25,0.42,2797,1147,497,56.7,31.02,2172,84.49,96910.0,2805.0,3947.0,90158.0,41960.0,48198.0,53.5,20560.0,9816.0,2405.0,2032,955.0,0.0,-582.0,-0.6,32902.0,2.6,5.85,212.6,348712.0,186.86,6.02
W060,2023-11-20,2023,Q4,Nov,Black Friday,7965.0,6320.0,1540.0,2902.0,18727.0,1915837,47633,2.49,0.39,4519,1940,1042,46.3,17.97,3980,84.22,163387.0,17227.0,8515.0,137645.0,62363.0,75282.0,54.7,20542.0,10584.0,25429.0,2036,952.0,5610.0,16831.0,12.2,66030.0,3.4,7.35,302.0,326035.0,197.65,11.0
W061,2023-11-27,2023,Q4,Nov,Black Friday,6574.0,6185.0,1694.0,2918.0,17371.0,1844158,45542,2.47,0.38,2859,1286,650,49.5,26.72,2567,79.97,102841.0,8722.0,4182.0,89937.0,40708.0,49229.0,54.7,20296.0,9219.0,2343.0,2040,950.0,0.0,-647.0,-0.7,32638.0,2.5,5.18,183.4,360820.0,196.62,7.36
W062,2023-12-04,2023,Q4,Dec,None,6165.0,5220.0,1229.0,2464.0,15078.0,1621161,35538,2.19,0.42,2922,1438,667,53.6,22.61,3243,82.6,118779.0,4097.0,4686.0,109996.0,49094.0,60902.0,55.4,20224.0,10045.0,15555.0,2044,948.0,3141.0,9422.0,8.6,39286.0,2.5,7.3,303.9,360927.0,156.16,6.91
W063,2023-12-11,2023,Q4,Dec,None,6386.0,4958.0,1336.0,2691.0,15371.0,1618237,35435,2.19,0.43,2677,1219,515,57.8,29.85,2362,92.87,113209.0,3839.0,3445.0,105925.0,48161.0,57764.0,54.5,20418.0,9747.0,12228.0,2048,945.0,2309.0,6926.0,6.5,32731.0,2.2,6.89,275.8,372993.0,199.95,6.7
W064,2023-12-18,2023,Q4,Dec,Year-End Sale,7763.0,6303.0,1864.0,3328.0,19258.0,2162678,51427,2.38,0.37,4702,1681,738,56.1,26.09,3854,81.81,137523.0,17587.0,8117.0,111819.0,51115.0,60704.0,54.3,20714.0,9613.0,11119.0,2052,942.0,2031.0,6094.0,5.4,48736.0,3.1,5.81,215.2,362087.0,188.7,7.23
W065,2023-12-25,2023,Q4,Dec,None,6645.0,5199.0,1360.0,2474.0,15678.0,1591209,30796,1.94,0.51,2451,1078,499,53.7,31.42,2259,81.57,87932.0,2618.0,4538.0,80776.0,35801.0,44975.0,55.7,20774.0,9373.0,-850.0,2056,940.0,0.0,-3846.0,-4.8,33823.0,2.9,5.15,186.9,375210.0,189.48,6.03
W066,2024-01-01,2024,Q1,Jan,None,6100.0,5479.0,1345.0,2264.0,15188.0,1542138,34006,2.21,0.45,3000,1032,476,53.9,31.91,2023,81.75,84366.0,2631.0,4316.0,77419.0,34914.0,42505.0,54.9,20382.0,9215.0,-2280.0,2060,938.0,0.0,-5278.0,-6.8,36907.0,3.3,5.1,179.9,368908.0,193.93,6.08
W067,2024-01-08,2024,Q1,Jan,None,5655.0,5321.0,1234.0,2392.0,14602.0,1627185,30862,1.9,0.47,2763,1186,541,54.4,26.99,2394,81.0,96066.0,2199.0,5067.0,88800.0,39556.0,49244.0,55.5,20495.0,10104.0,4043.0,2064,935.0,261.0,783.0,0.9,28808.0,2.3,6.08,237.2,379462.0,192.42,7.13
W068,2024-01-15,2024,Q1,Jan,None,5631.0,4942.0,1281.0,2309.0,14163.0,1401906,27769,1.98,0.51,2768,1193,547,54.1,25.89,2391,87.43,104304.0,1761.0,5175.0,97368.0,46788.0,50580.0,51.9,20581.0,10291.0,5545.0,2068,932.0,636.0,1909.0,2.0,42679.0,3.1,6.87,257.1,368614.0,186.43,7.2
W069,2024-01-22,2024,Q1,Jan,None,6197.0,4576.0,1232.0,2518.0,14523.0,1571082,36065,2.3,0.4,3007,1249,564,54.8,25.75,2432,83.14,103842.0,3209.0,4470.0,96163.0,43447.0,52716.0,54.8,20690.0,9674.0,7829.0,2072,930.0,1207.0,3620.0,3.8,36812.0,2.7,6.62,263.0,378363.0,184.15,7.15
W070,2024-01-29,2024,Q1,Jan,None,5798.0,4481.0,1228.0,1999.0,13506.0,1403882,31251,2.23,0.43,2750,1296,521,59.8,25.92,2736,84.89,110017.0,3514.0,4807.0,101696.0,47950.0,53746.0,52.8,20514.0,10051.0,9675.0,2076,928.0,1668.0,5003.0,4.9,41924.0,2.9,7.53,297.9,377828.0,184.95,7.14
W071,2024-02-05,2024,Q1,Feb,None,5558.0,5467.0,1221.0,2322.0,14568.0,1577499,36647,2.32,0.4,2680,1308,575,56.0,25.34,2554,84.34,110317.0,4110.0,4587.0,101620.0,45789.0,55831.0,54.9,20535.0,9419.0,11309.0,2080,925.0,2076.0,6228.0,6.1,31918.0,2.2,6.98,283.2,393028.0,210.43,8.3
W072,2024-02-12,2024,Q1,Feb,Valentine Promo,6673.0,6104.0,1579.0,2767.0,17123.0,1988410,44923,2.26,0.38,4246,1761,874,50.4,19.59,3237,83.64,147290.0,16979.0,9733.0,120578.0,55025.0,65553.0,54.4,20693.0,10353.0,17384.0,2084,922.0,3594.0,10784.0,8.9,52900.0,3.1,7.04,282.8,379522.0,181.11,9.25
W073,2024-02-19,2024,Q1,Feb,None,5788.0,5287.0,1231.0,2092.0,14398.0,1481059,28542,1.93,0.5,2252,938,380,59.5,37.89,1927,81.87,76794.0,3027.0,3797.0,69970.0,30511.0,39459.0,56.4,20916.0,9707.0,-5562.0,2088,920.0,0.0,-8570.0,-12.2,28790.0,2.9,4.86,174.1,397150.0,193.06,5.1
W074,2024-02-26,2024,Q1,Feb,None,6449.0,4524.0,1380.0,2347.0,14700.0,1671536,34499,2.06,0.43,2778,1307,591,54.8,24.87,2462,81.18,106102.0,2548.0,4381.0,99173.0,44373.0,54800.0,55.3,20684.0,10470.0,8946.0,2092,918.0,1484.0,4452.0,4.5,37531.0,2.6,6.75,272.8,392728.0,191.02,7.68
W075,2024-03-04,2024,Q1,Mar,None,6345.0,5532.0,1430.0,2374.0,15681.0,1639060,34671,2.12,0.45,2941,1362,582,57.3,26.94,2737,85.69,116710.0,3255.0,5687.0,107768.0,49085.0,58683.0,54.5,20940.0,10036.0,12026.0,2096,915.0,2254.0,6761.0,6.3,43733.0,2.8,6.87,274.2,392002.0,218.01,8.09
W076,2024-03-11,2024,Q1,Mar,None,6640.0,5404.0,1374.0,2522.0,15940.0,1578095,33327,2.11,0.48,2416,1172,544,53.6,29.3,2333,87.06,102034.0,3355.0,3766.0,94913.0,44767.0,50146.0,52.8,21220.0,10494.0,2492.0,2100,912.0,0.0,-520.0,-0.5,33161.0,2.4,5.95,214.6,404154.0,188.92,6.45
W077,2024-03-18,2024,Q1,Mar,None,6196.0,4871.0,1324.0,2780.0,15171.0,1645352,37350,2.27,0.41,3243,1515,673,55.6,22.54,3023,86.25,130669.0,5905.0,7453.0,117311.0,53461.0,63850.0,54.4,20757.0,9924.0,17998.0,2104,910.0,3746.0,11238.0,9.6,41859.0,2.5,7.73,320.9,403179.0,210.56,9.34
W078,2024-03-25,2024,Q1,Mar,Spring Launch,7686.0,6079.0,1659.0,3017.0,18441.0,1843964,41412,2.25,0.45,3841,1538,798,48.1,23.11,3599,79.15,121733.0,13658.0,4834.0,103241.0,48458.0,54783.0,53.1,21021.0,9759.0,5562.0,2108,908.0,636.0,1910.0,1.9,37318.0,2.5,5.6,197.1,410783.0,192.05,8.31
W079,2024-04-01,2024,Q2,Apr,None,6782.0,5472.0,1345.0,2435.0,16034.0,1620765,34892,2.15,0.46,3048,1553,746,52.0,21.49,3272,87.61,136058.0,4996.0,6668.0,124394.0,57322.0,67072.0,53.9,21314.0,10974.0,18750.0,2112,905.0,3933.0,11800.0,9.5,38051.0,2.1,7.76,318.3,418062.0,197.43,9.19
W080,2024-04-08,2024,Q2,Apr,None,6412.0,5439.0,1477.0,2636.0,15964.0,1738444,33929,1.95,0.47,2453,1114,454,59.2,35.16,2372,82.85,92295.0,2554.0,4940.0,84801.0,40004.0,44797.0,52.8,21042.0,10575.0,-2784.0,2116,902.0,0.0,-5802.0,-6.8,35147.0,2.9,5.31,180.6,417280.0,180.96,5.15
W081,2024-04-15,2024,Q2,Apr,None,6821.0,5354.0,1219.0,2865.0,16259.0,1805643,39138,2.17,0.42,3288,1531,745,51.3,21.82,2889,83.7,128145.0,3165.0,6161.0,118819.0,53738.0,65081.0,54.8,21043.0,10794.0,16985.0,2120,900.0,3491.0,10474.0,8.8,50815.0,3.0,7.31,300.3,408969.0,188.12,8.62
W082,2024-04-22,2024,Q2,Apr,None,6355.0,5471.0,1377.0,2507.0,15710.0,1624211,34116,2.1,0.46,3102,1246,535,57.1,29.36,2519,82.35,102608.0,3564.0,4695.0,94349.0,45392.0,48957.0,51.9,21444.0,10100.0,1703.0,2124,898.0,0.0,-1319.0,-1.4,33206.0,2.5,6.01,211.6,427383.0,176.23,6.0
W083,2024-04-29,2024,Q2,Apr,None,6546.0,5456.0,1223.0,2540.0,15765.0,1771174,35203,1.99,0.45,2463,1136,496,56.3,31.78,2415,90.13,102388.0,2395.0,4616.0,95377.0,42595.0,52782.0,55.3,21166.0,9267.0,6584.0,2128,895.0,890.0,2671.0,2.8,37572.0,2.8,6.05,234.8,426480.0,222.11,6.99
W084,2024-05-06,2024,Q2,May,None,6587.0,5656.0,1282.0,2840.0,16365.0,1885742,38934,2.06,0.42,2975,1509,713,52.8,22.95,2983,87.94,132701.0,3791.0,5912.0,122998.0,54584.0,68414.0,55.6,21499.0,9898.0,20652.0,2132,892.0,4407.0,13221.0,10.7,45433.0,2.6,7.52,318.1,427362.0,208.75,9.1
W085,2024-05-13,2024,Q2,May,None,6246.0,6217.0,1580.0,2710.0,16753.0,1953394,40482,2.07,0.41,3725,1589,700,55.9,23.93,3510,87.94,139737.0,4096.0,5643.0,129998.0,57009.0,72989.0,56.1,21389.0,10908.0,23939.0,2136,890.0,5228.0,15685.0,12.1,51106.0,2.8,7.76,335.7,431668.0,210.69,8.8
W086,2024-05-20,2024,Q2,May,None,7096.0,4655.0,1543.0,2897.0,16191.0,1733632,35704,2.06,0.45,3112,1505,746,50.4,21.7,2943,90.24,135811.0,5372.0,5623.0,124816.0,60028.0,64788.0,51.9,21257.0,10618.0,16722.0,2140,888.0,3424.0,10270.0,8.2,44297.0,2.5,7.71,300.1,445752.0,180.9,8.34
W087,2024-05-27,2024,Q2,May,None,6677.0,5614.0,1387.0,2785.0,16463.0,1893569,44796,2.37,0.37,3955,1728,741,57.1,22.22,3569,95.73,165421.0,4611.0,9402.0,151408.0,70121.0,81287.0,53.7,21466.0,10860.0,32498.0,2144,885.0,7367.0,22102.0,14.6,52185.0,2.4,9.2,393.8,451058.0,200.99,9.05
W088,2024-06-03,2024,Q2,Jun,None,6948.0,5811.0,1314.0,2941.0,17014.0,1672529,34876,2.09,0.49,3483,1542,671,56.5,25.36,3130,80.25,123746.0,1901.0,5461.0,116384.0,52227.0,64157.0,55.1,21466.0,10637.0,15040.0,2148,882.0,3002.0,9008.0,7.7,49124.0,3.0,6.84,277.1,460772.0,214.15,8.44
W089,2024-06-10,2024,Q2,Jun,None,7211.0,5888.0,1169.0,2613.0,16881.0,1770286,36528,2.06,0.46,3242,1612,699,56.6,24.15,3417,83.69,134908.0,4456.0,5223.0,125229.0,58592.0,66637.0,53.2,21649.0,10843.0,17264.0,2152,880.0,3558.0,10674.0,8.5,47267.0,2.6,7.42,294.7,470118.0,184.62,7.64
W090,2024-06-17,2024,Q2,Jun,None,7224.0,5642.0,1426.0,2827.0,17119.0,1737773,31026,1.79,0.55,2801,1320,577,56.3,29.67,2671,84.2,111144.0,2868.0,4542.0,103734.0,47788.0,55946.0,53.9,21346.0,10753.0,6728.0,2156,878.0,924.0,2770.0,2.7,47809.0,3.2,6.06,226.8,473116.0,180.06,6.07
W091,2024-06-24,2024,Q2,Jun,None,7357.0,5098.0,1739.0,2797.0,16991.0,1759627,34592,1.97,0.49,3690,1430,721,49.6,23.57,2957,83.48,119376.0,3612.0,6423.0,109341.0,52060.0,57281.0,52.4,21506.0,10551.0,8233.0,2160,875.0,1300.0,3898.0,3.6,41752.0,2.7,6.44,237.1,483282.0,202.5,8.59
W092,2024-07-01,2024,Q3,Jul,None,7001.0,5964.0,1537.0,2605.0,17107.0,1753903,36140,2.06,0.47,3010,1338,649,51.5,26.36,2772,82.79,110773.0,3266.0,5583.0,101924.0,44209.0,57715.0,56.6,21517.0,10849.0,8242.0,2164,872.0,1302.0,3904.0,3.8,34956.0,2.4,5.96,237.4,494194.0,200.77,7.62
W093,2024-07-08,2024,Q3,Jul,Mid-Year Sale,8090.0,7727.0,1694.0,2998.0,20509.0,2180394,47906,2.2,0.43,3766,1779,940,47.2,21.82,3579,82.15,146145.0,16619.0,7232.0,122294.0,54978.0,67316.0,55.0,21715.0,10777.0,14315.0,2168,870.0,2819.0,8458.0,6.9,52474.0,3.0,5.96,228.2,483074.0,197.6,9.06
W094,2024-07-15,2024,Q3,Jul,Mid-Year Sale,8302.0,6162.0,1824.0,3533.0,19821.0,2305090,57795,2.51,0.34,5110,2229,1228,44.9,16.14,4811,79.19,176515.0,20739.0,7580.0,148196.0,66328.0,81868.0,55.2,21375.0,11255.0,29417.0,2172,868.0,6594.0,19783.0,13.3,60054.0,2.8,7.48,313.0,487557.0,181.78,11.26
W095,2024-07-22,2024,Q3,Jul,None,6244.0,6209.0,1334.0,2789.0,16576.0,1816176,37690,2.08,0.44,3336,1359,569,58.1,29.13,2893,87.96,119538.0,2487.0,5928.0,111123.0,47647.0,63476.0,57.1,21850.0,10994.0,14056.0,2176,865.0,2754.0,8261.0,7.4,45458.0,2.9,6.7,282.9,508460.0,206.14,7.08
W096,2024-07-29,2024,Q3,Jul,None,6364.0,5721.0,1467.0,2655.0,16207.0,1781292,40850,2.29,0.4,3300,1431,662,53.7,24.48,2990,87.07,124597.0,3351.0,4965.0,116281.0,54102.0,62179.0,53.5,21765.0,10289.0,13918.0,2180,862.0,2719.0,8157.0,7.0,49725.0,3.0,7.17,283.7,510451.0,193.28,7.9
W097,2024-08-05,2024,Q3,Aug,None,6422.0,5827.0,1508.0,2839.0,16596.0,1781942,37586,2.11,0.44,2884,1318,544,58.7,30.51,2700,88.66,116854.0,3985.0,5016.0,107853.0,48435.0,59418.0,55.1,21411.0,11647.0,9764.0,2184,860.0,1680.0,5040.0,4.7,38168.0,2.5,6.5,258.0,526712.0,184.91,6.06
W098,2024-08-12,2024,Q3,Aug,None,6576.0,5415.0,1486.0,3080.0,16557.0,1810558,38123,2.11,0.43,3945,1663,713,57.1,23.22,3651,88.85,147758.0,3888.0,7795.0,136075.0,62831.0,73244.0,53.8,21993.0,11245.0,23449.0,2188,858.0,5101.0,15302.0,11.2,51016.0,2.6,8.22,342.4,523703.0,199.5,8.59
W099,2024-08-19,2024,Q3,Aug,None,7255.0,5699.0,1576.0,2395.0,16925.0,1739758,36303,2.09,0.47,3181,1328,577,56.6,29.33,2751,89.28,118564.0,2412.0,6165.0,109987.0,52865.0,57122.0,51.9,22250.0,10734.0,7213.0,2192,855.0,1042.0,3124.0,2.8,41041.0,2.6,6.5,237.5,537432.0,198.73,6.78
W100,2024-08-26,2024,Q3,Aug,None,6596.0,6353.0,1526.0,2546.0,17021.0,1865920,39195,2.1,0.43,3102,1373,574,58.2,29.65,2833,85.96,118023.0,4014.0,4384.0,109625.0,49118.0,60507.0,55.2,22015.0,10794.0,10677.0,2196,852.0,1907.0,5722.0,5.2,35998.0,2.3,6.44,255.5,547532.0,225.63,7.61
W101,2024-09-02,2024,Q3,Sep,None,6838.0,6045.0,1555.0,2653.0,17091.0,1924344,45373,2.36,0.38,4189,1684,704,58.2,24.28,3558,94.77,159593.0,5863.0,6089.0,147641.0,66131.0,81510.0,55.2,22142.0,12104.0,30173.0,2200,850.0,6781.0,20342.0,13.8,54547.0,2.6,8.64,376.9,541354.0,221.06,9.1
W102,2024-09-09,2024,Q3,Sep,None,7639.0,6493.0,1410.0,3117.0,18659.0,2185288,38288,1.75,0.49,3221,1537,698,54.6,26.73,3541,88.27,135671.0,4034.0,6223.0,125414.0,56939.0,68475.0,54.6,21882.0,11234.0,16700.0,2204,848.0,3412.0,10236.0,8.2,54361.0,3.0,6.72,267.0,548862.0,168.67,6.31
W103,2024-09-16,2024,Q3,Sep,None,6806.0,6247.0,1569.0,2875.0,17497.0,1921173,34577,1.8,0.51,2869,1416,582,58.9,30.06,2746,81.02,114724.0,2092.0,6747.0,105885.0,49126.0,56759.0,53.6,21533.0,9894.0,7835.0,2208,845.0,1196.0,3586.0,3.4,41242.0,2.7,6.05,224.4,565982.0,181.17,6.03
W104,2024-09-23,2024,Q3,Sep,None,7315.0,5929.0,1639.0,2960.0,17843.0,1950818,39378,2.02,0.45,3524,1536,758,50.7,23.54,3368,84.13,129224.0,4424.0,3835.0,120965.0,53907.0,67058.0,55.4,21525.0,11408.0,16282.0,2212,842.0,3307.0,9921.0,8.2,39454.0,2.3,6.78,275.8,574942.0,234.06,9.94
W105,2024-09-30,2024,Q3,Sep,None,6478.0,6431.0,1367.0,2575.0,16851.0,1726161,36287,2.1,0.46,2709,1255,531,57.7,31.73,2350,81.63,102446.0,2053.0,4838.0,95555.0,42442.0,53113.0,55.6,22019.0,10211.0,4032.0,2216,840.0,244.0,732.0,0.8,30364.0,2.2,5.67,215.2,586614.0,202.42,6.38
W106,2024-10-07,2024,Q4,Oct,None,7217.0,6241.0,1453.0,2725.0,17636.0,1870993,41228,2.2,0.43,3621,1640,939,42.7,18.78,3487,87.89,144140.0,4591.0,4900.0,134649.0,62658.0,71991.0,53.5,21866.0,11181.0,21308.0,2220,838.0,4562.0,13688.0,10.2,60133.0,3.1,7.63,308.2,565910.0,186.05,9.91
W107,2024-10-14,2024,Q4,Oct,None,6813.0,6385.0,1688.0,3040.0,17926.0,2040856,44306,2.17,0.4,4444,1776,785,55.8,22.84,4065,87.49,155382.0,3834.0,6204.0,145344.0,66474.0,78870.0,54.3,21828.0,10849.0,28267.0,2224,835.0,6302.0,18906.0,13.0,54706.0,2.6,8.11,340.0,583014.0,207.95,9.1
W108,2024-10-21,2024,Q4,Oct,Festive Sale,8381.0,6952.0,1792.0,3481.0,20606.0,2305736,51703,2.24,0.4,4588,1834,849,53.7,24.27,3959,82.91,152057.0,17100.0,6399.0,128558.0,55018.0,73540.0,57.2,22049.0,11245.0,19640.0,2228,832.0,4145.0,12435.0,9.7,45523.0,2.5,6.24,256.9,600642.0,188.63,7.77
W109,2024-10-28,2024,Q4,Oct,Festive Sale,9064.0,7112.0,1989.0,3590.0,21755.0,2322137,56959,2.45,0.38,4670,1886,770,59.2,28.25,3999,91.39,172362.0,21398.0,7176.0,143788.0,62985.0,80803.0,56.2,22232.0,11087.0,25729.0,2232,830.0,5667.0,17000.0,11.8,53064.0,2.6,6.61,271.4,603833.0,194.86,6.9
W110,2024-11-04,2024,Q4,Nov,None,6361.0,5691.0,1483.0,2884.0,16419.0,1868612,42128,2.25,0.39,3410,1478,781,47.2,21.02,3004,90.14,133227.0,3850.0,5426.0,123951.0,58304.0,65647.0,53.0,21808.0,11000.0,16420.0,2236,828.0,3339.0,10017.0,8.1,39777.0,2.2,7.55,299.8,624364.0,195.66,9.31
W111,2024-11-11,2024,Q4,Nov,None,7439.0,6383.0,1683.0,2972.0,18477.0,2017275,42920,2.13,0.43,3507,1449,731,49.6,25.28,3048,90.86,131656.0,3441.0,5932.0,122283.0,55899.0,66384.0,54.3,22064.0,10822.0,15021.0,2240,825.0,2989.0,8967.0,7.3,53428.0,3.1,6.62,259.3,617437.0,208.57,8.25
W112,2024-11-18,2024,Q4,Nov,None,7326.0,5467.0,1538.0,2942.0,17273.0,1934083,43409,2.24,0.4,3602,1616,763,52.8,22.64,3345,85.1,137522.0,4611.0,5600.0,127311.0,56429.0,70882.0,55.7,22531.0,11815.0,19263.0,2244,822.0,4049.0,12148.0,9.5,46377.0,2.5,7.37,310.4,632806.0,172.46,7.62
W113,2024-11-25,2024,Q4,Nov,Black Friday,8139.0,7407.0,1829.0,3616.0,20991.0,2322837,54375,2.34,0.39,4458,2044,830,59.4,25.29,4100,81.55,166688.0,19990.0,5551.0,141147.0,63597.0,77550.0,54.9,21991.0,12124.0,22444.0,2248,820.0,4844.0,14532.0,10.3,61356.0,3.0,6.72,269.4,627341.0,172.6,6.82
W114,2024-12-02,2024,Q4,Dec,None,6464.0,5868.0,1688.0,3068.0,17088.0,1830377,36896,2.02,0.46,3407,1370,642,53.1,26.62,2829,88.71,121533.0,4361.0,6227.0,110945.0,50159.0,60786.0,54.8,22457.0,10755.0,10486.0,2252,818.0,1854.0,5562.0,5.0,42388.0,2.7,6.49,255.7,651342.0,204.33,7.68
W115,2024-12-09,2024,Q4,Dec,None,7227.0,6434.0,1483.0,2575.0,17719.0,1907573,42056,2.2,0.42,2992,1401,582,58.5,30.45,2975,89.28,125081.0,3963.0,6382.0,114736.0,52876.0,61860.0,53.9,22188.0,10846.0,11107.0,2256,815.0,2009.0,6027.0,5.3,50160.0,3.1,6.48,249.1,648840.0,196.22,6.44
W116,2024-12-16,2024,Q4,Dec,Year-End Sale,8175.0,7390.0,1678.0,2889.0,20132.0,1820337,42170,2.32,0.48,3875,1716,890,48.1,22.62,3446,78.89,135375.0,16229.0,7005.0,112141.0,48851.0,63290.0,56.4,22451.0,10628.0,10079.0,2260,812.0,1752.0,5255.0,4.7,43765.0,2.7,5.57,214.4,660122.0,192.14,8.49
W117,2024-12-23,2024,Q4,Dec,Year-End Sale,8639.0,7925.0,1742.0,3674.0,21980.0,2445676,56255,2.3,0.39,4611,2040,1004,50.8,21.89,4087,84.69,172768.0,17754.0,5645.0,149369.0,66108.0,83261.0,55.7,22608.0,11974.0,26699.0,2264,810.0,5906.0,17719.0,11.9,61858.0,2.9,6.8,278.8,653152.0,180.93,8.27
W118,2024-12-30,2024,Q4,Dec,None,7229.0,6274.0,1575.0,3157.0,18235.0,1617417,37539,2.32,0.49,3304,1498,695,53.6,26.24,2901,89.0,133322.0,2682.0,6318.0,124322.0,56623.0,67699.0,54.5,22562.0,10908.0,15994.0,2268,808.0,3230.0,9688.0,7.8,50818.0,2.9,6.82,271.3,671304.0,214.11,8.16
W119,2025-01-06,2025,Q1,Jan,None,7332.0,4852.0,1242.0,2472.0,15898.0,1492014,25847,1.73,0.62,1964,908,329,63.8,48.32,1949,88.28,80158.0,2545.0,4041.0,73572.0,33033.0,40539.0,55.1,22633.0,9865.0,-7857.0,2272,805.0,0.0,-10934.0,-14.9,29792.0,2.8,4.63,155.0,683668.0,187.02,3.87
W120,2025-01-13,2025,Q1,Jan,None,6505.0,5445.0,1462.0,2324.0,15736.0,1681815,31742,1.89,0.5,3035,1223,514,58.0,30.61,2648,86.24,105472.0,2940.0,3876.0,98656.0,45208.0,53448.0,54.2,22204.0,10936.0,4572.0,2276,802.0,374.0,1120.0,1.1,38862.0,2.8,6.27,239.7,677434.0,219.35,7.17
W121,2025-01-20,2025,Q1,Jan,None,6168.0,5044.0,1353.0,2702.0,15267.0,1685961,32403,1.92,0.47,3077,1356,661,51.3,23.1,2885,87.31,118392.0,1867.0,5336.0,111189.0,48591.0,62598.0,56.3,22747.0,10588.0,13996.0,2280,800.0,2729.0,8187.0,7.4,41216.0,2.6,7.28,310.0,681454.0,181.15,7.84
W122,2025-01-27,2025,Q1,Jan,None,6761.0,5322.0,1526.0,2872.0,16481.0,1656016,33874,2.05,0.49,3139,1473,749,49.2,22.0,3264,88.69,130640.0,3499.0,5757.0,121384.0,55387.0,65997.0,54.4,22337.0,11002.0,16177.0,2284,798.0,3274.0,9821.0,8.1,55426.0,3.2,7.37,300.4,674438.0,186.83,8.49
W123,2025-02-03,2025,Q1,Feb,None,7039.0,6339.0,1221.0,3152.0,17751.0,1897013,39113,2.06,0.45,2851,1125,567,49.6,31.31,2374,89.74,100958.0,2483.0,6031.0,92444.0,42907.0,49537.0,53.6,22621.0,9814.0,-649.0,2288,795.0,0.0,-3732.0,-4.0,31775.0,2.4,5.21,179.1,696646.0,208.05,6.64
W124,2025-02-10,2025,Q1,Feb,Valentine Promo,9014.0,7110.0,1645.0,3444.0,21213.0,2410100,49983,2.07,0.42,4580,1995,791,60.4,26.82,4283,88.01,175580.0,22806.0,10604.0,142170.0,65149.0,77021.0,54.2,22654.0,11732.0,21422.0,2292,792.0,4584.0,13754.0,9.7,54049.0,2.7,6.7,263.1,683540.0,224.16,8.36
W125,2025-02-17,2025,Q1,Feb,None,7433.0,5523.0,1310.0,2762.0,17028.0,1751368,34191,1.95,0.5,3017,1484,701,52.8,24.29,3171,93.48,138724.0,2744.0,4395.0,131585.0,59719.0,71866.0,54.6,22739.0,12024.0,20075.0,2296,790.0,4247.0,12742.0,9.7,50081.0,2.7,7.73,322.0,696176.0,219.19,9.02
W126,2025-02-24,2025,Q1,Feb,None,7250.0,5434.0,1410.0,2678.0,16772.0,1954196,38515,1.97,0.44,2779,1292,647,49.9,25.92,2699,88.64,114523.0,2445.0,7438.0,104640.0,47116.0,57524.0,55.0,22739.0,11006.0,7007.0,2300,788.0,980.0,2939.0,2.8,41448.0,2.8,6.24,243.0,708578.0,212.99,8.22
W127,2025-03-03,2025,Q1,Mar,None,7857.0,5907.0,1534.0,2881.0,18179.0,1902292,46960,2.47,0.39,3982,1761,693,60.6,26.23,3586,88.16,155250.0,5691.0,5850.0,143709.0,63570.0,80139.0,55.8,22504.0,12093.0,27363.0,2304,785.0,6068.0,18206.0,12.7,52141.0,2.5,7.91,340.8,709292.0,206.87,7.89
W128,2025-03-10,2025,Q1,Mar,None,6586.0,5434.0,1501.0,2840.0,16361.0,1792759,42493,2.37,0.39,3736,1544,710,54.0,23.04,3653,91.46,141214.0,5386.0,7463.0,128365.0,57914.0,70451.0,54.9,22422.0,10872.0,20796.0,2308,782.0,4426.0,13280.0,10.3,50395.0,2.7,7.85,330.6,719986.0,195.43,8.48
W129,2025-03-17,2025,Q1,Mar,None,6918.0,5707.0,1505.0,2717.0,16847.0,1932186,39383,2.04,0.43,3523,1548,729,52.9,23.11,3167,92.18,142695.0,3643.0,7529.0,131523.0,61447.0,70076.0,53.3,22961.0,11377.0,18891.0,2312,780.0,3950.0,11849.0,9.0,49090.0,2.6,7.81,316.0,729528.0,199.13,8.62
W130,2025-03-24,2025,Q1,Mar,Spring Launch,8058.0,7281.0,1802.0,3979.0,21120.0,2358521,52960,2.25,0.4,4577,1744,781,55.2,27.04,3523,84.97,148188.0,16025.0,5488.0,126675.0,57069.0,69606.0,54.9,22838.0,10817.0,14831.0,2316,778.0,2934.0,8803.0,6.9,40121.0,2.2,6.0,229.6,745214.0,178.96,6.62
W131,2025-03-31,2025,Q1,Mar,Spring Launch,8451.0,7766.0,1864.0,3947.0,22028.0,2305855,49060,2.13,0.45,4284,1569,605,61.4,36.41,3377,89.3,140112.0,17687.0,6858.0,115567.0,50959.0,64608.0,55.9,23091.0,10890.0,8599.0,2320,775.0,1376.0,4128.0,3.6,43960.0,2.7,5.25,193.3,745759.0,190.51,5.23
W132,2025-04-07,2025,Q2,Apr,None,6709.0,6401.0,1460.0,3237.0,17807.0,1970534,35741,1.81,0.5,3459,1657,741,55.3,24.03,3530,93.8,155427.0,2493.0,6861.0,146073.0,65207.0,80866.0,55.4,22852.0,11909.0,28298.0,2324,772.0,6300.0,18902.0,12.9,49077.0,2.4,8.2,354.1,752417.0,224.52,9.34
W133,2025-04-14,2025,Q2,Apr,None,7818.0,5197.0,1662.0,2828.0,17505.0,1789807,37272,2.08,0.47,3534,1485,664,55.3,26.36,2868,95.02,141105.0,2657.0,6975.0,131473.0,59741.0,71732.0,54.6,22574.0,11358.0,20295.0,2328,770.0,4299.0,12898.0,9.8,40839.0,2.2,7.51,309.8,769432.0,200.42,7.6
W134,2025-04-21,2025,Q2,Apr,None,7427.0,6372.0,1670.0,3229.0,18698.0,1882538,36716,1.95,0.51,2279,1163,528,54.6,35.41,2599,96.88,112671.0,3190.0,5278.0,104203.0,46546.0,57657.0,55.3,23150.0,10216.0,5593.0,2332,768.0,623.0,1870.0,1.8,40168.0,2.7,5.57,208.4,773370.0,230.15,6.5
W135,2025-04-28,2025,Q2,Apr,None,6820.0,6318.0,1652.0,3208.0,17998.0,1949342,40688,2.09,0.44,3355,1405,615,56.2,29.27,2935,87.4,122797.0,4826.0,6701.0,111270.0,50874.0,60396.0,54.3,22877.0,10405.0,9116.0,2336,765.0,1504.0,4511.0,4.1,44454.0,2.8,6.18,235.6,773676.0,180.79,6.18
W136,2025-05-05,2025,Q2,May,None,7113.0,6516.0,1683.0,3188.0,18500.0,1940234,36088,1.86,0.51,3020,1315,582,55.7,31.79,2586,90.69,119257.0,3266.0,5439.0,110552.0,50590.0,59962.0,54.2,23074.0,10374.0,8014.0,2340,762.0,1228.0,3684.0,3.3,44339.0,2.8,5.98,224.1,777972.0,210.82,6.63
W137,2025-05-12,2025,Q2,May,None,7880.0,7097.0,1665.0,3386.0,20028.0,2280405,45282,1.99,0.44,3214,1494,685,54.1,29.24,3351,90.77,135610.0,4150.0,5920.0,125540.0,58052.0,67488.0,53.8,22880.0,11431.0,13149.0,2344,760.0,2511.0,7534.0,6.0,50553.0,2.8,6.27,237.0,777870.0,197.94,6.77
W138,2025-05-19,2025,Q2,May,None,8215.0,5490.0,1875.0,3273.0,18853.0,1958013,41555,2.12,0.45,3563,1549,740,52.2,25.48,3369,90.47,140138.0,5157.0,7535.0,127446.0,59754.0,67692.0,53.1,23441.0,12107.0,13291.0,2348,758.0,2546.0,7639.0,6.0,38577.0,2.1,6.76,259.1,796013.0,222.04,8.71
W139,2025-05-26,2025,Q2,May,None,8896.0,6187.0,1641.0,3315.0,20039.0,2063046,44457,2.15,0.45,4223,1891,847,55.2,23.66,3684,88.56,167467.0,7141.0,8314.0,152012.0,70568.0,81444.0,53.6,22893.0,12327.0,26185.0,2352,755.0,5770.0,17308.0,11.4,49489.0,2.3,7.59,306.4,796107.0,203.98,8.62
W140,2025-06-02,2025,Q2,Jun,None,9446.0,6756.0,1624.0,3310.0,21136.0,2189384,47348,2.16,0.45,3613,1701,755,55.6,27.99,3935,85.6,145606.0,3864.0,7405.0,134337.0,59200.0,75137.0,55.9,23051.0,10679.0,20271.0,2356,752.0,4291.0,12872.0,9.6,61653.0,3.2,6.36,255.5,792735.0,218.71,7.81
W141,2025-06-09,2025,Q2,Jun,None,8110.0,5796.0,1579.0,3259.0,18744.0,2003459,38104,1.9,0.49,3341,1600,742,53.6,25.26,3486,91.44,146304.0,4374.0,5806.0,136124.0,60041.0,76083.0,55.9,23187.0,12051.0,22101.0,2360,750.0,4748.0,14243.0,10.5,46025.0,2.4,7.26,305.9,817844.0,203.1,8.04
W142,2025-06-16,2025,Q2,Jun,None,7365.0,7219.0,1553.0,2797.0,18934.0,2104905,46902,2.23,0.4,3643,1693,649,61.7,29.17,3553,88.39,149644.0,6125.0,5483.0,138036.0,62258.0,75778.0,54.9,22942.0,11904.0,21998.0,2364,748.0,4722.0,14164.0,10.3,55826.0,2.8,7.29,300.2,817490.0,204.63,7.02
W143,2025-06-23,2025,Q2,Jun,None,6754.0,6734.0,1533.0,3225.0,18246.0,1928344,38181,1.98,0.48,3040,1620,776,52.1,23.51,3711,91.61,148408.0,3097.0,6004.0,139307.0,62204.0,77103.0,55.3,23305.0,10946.0,24606.0,2368,745.0,5373.0,16120.0,11.6,49109.0,2.5,7.63,322.6,834634.0,197.86,8.42
W144,2025-06-30,2025,Q2,Jun,None,8108.0,6971.0,1579.0,3089.0,19747.0,2000155,43902,2.19,0.45,4251,1729,795,54.0,24.84,3664,88.48,152982.0,5533.0,6124.0,141325.0,61943.0,79382.0,56.2,23637.0,11492.0,24506.0,2372,742.0,5348.0,16044.0,11.4,54154.0,2.7,7.16,302.0,839984.0,202.68,8.16
W145,2025-07-07,2025,Q3,Jul,None,7519.0,6330.0,1678.0,2931.0,18458.0,2065309,43339,2.1,0.43,3496,1619,747,53.9,24.71,3394,87.45,141582.0,3382.0,7262.0,130938.0,58451.0,72487.0,55.4,23181.0,11853.0,18995.0,2376,740.0,3970.0,11909.0,9.1,46440.0,2.5,7.09,292.7,856028.0,199.67,8.08
W146,2025-07-14,2025,Q3,Jul,Mid-Year Sale,9145.0,8233.0,2039.0,4252.0,23669.0,2545897,53299,2.09,0.44,4727,2263,1128,50.2,20.98,4573,88.73,200796.0,21876.0,10604.0,168316.0,75190.0,93126.0,55.3,23421.0,12391.0,33645.0,2380,738.0,7632.0,22895.0,13.6,67741.0,2.8,7.11,293.5,848554.0,195.4,9.31
W147,2025-07-21,2025,Q3,Jul,None,7644.0,7098.0,1695.0,3616.0,20053.0,2058898,42260,2.05,0.47,2959,1565,598,61.8,33.53,3396,92.22,144324.0,4120.0,6315.0,133889.0,59402.0,74487.0,55.6,22719.0,10968.0,20747.0,2384,735.0,4407.0,13221.0,9.9,51610.0,2.7,6.68,271.5,873680.0,196.65,5.86
W148,2025-07-28,2025,Q3,Jul,None,7906.0,6710.0,1599.0,3531.0,19746.0,2203552,47482,2.15,0.42,4743,1820,694,61.9,28.45,3926,93.89,170880.0,4144.0,9646.0,157090.0,70440.0,86650.0,55.2,23386.0,12209.0,31309.0,2388,732.0,7047.0,21142.0,13.5,56877.0,2.5,7.96,338.8,881372.0,195.7,6.88
W149,2025-08-04,2025,Q3,Aug,None,8573.0,6705.0,1794.0,3279.0,20351.0,2193320,48076,2.19,0.42,4318,1844,868,52.9,23.45,3876,99.88,184179.0,4439.0,10304.0,169436.0,79045.0,90391.0,53.3,23355.0,11366.0,35319.0,2392,730.0,8049.0,24148.0,14.3,57268.0,2.4,8.33,344.2,895447.0,186.22,7.94
W150,2025-08-11,2025,Q3,Aug,None,8054.0,6713.0,1773.0,3522.0,20062.0,2000902,41596,2.08,0.48,3475,1754,806,54.0,24.89,3517,92.97,163069.0,5163.0,7656.0,150250.0,68276.0,81974.0,54.6,23270.0,11757.0,26885.0,2396,728.0,5940.0,17821.0,11.9,58704.0,2.7,7.49,308.6,905318.0,197.11,7.92
W151,2025-08-18,2025,Q3,Aug,None,7863.0,6178.0,1663.0,3214.0,18918.0,2037008,47458,2.33,0.4,4252,1923,898,53.3,21.07,4068,93.83,180435.0,6491.0,6933.0,167011.0,80494.0,86517.0,51.8,23749.0,12645.0,31205.0,2400,725.0,7020.0,21060.0,12.6,55363.0,2.3,8.83,357.3,921588.0,213.29,10.12
W152,2025-08-25,2025,Q3,Aug,None,7357.0,6491.0,1601.0,3249.0,18698.0,2110561,47511,2.25,0.39,3503,1635,722,55.8,25.9,3420,88.16,144142.0,4212.0,8303.0,131627.0,59707.0,71920.0,54.6,23452.0,11499.0,18271.0,2404,722.0,3786.0,11359.0,8.6,52269.0,2.8,7.04,284.6,932766.0,179.09,6.91
W153,2025-09-01,2025,Q3,Sep,None,6982.0,6470.0,1737.0,2949.0,18138.0,1989075,41005,2.06,0.44,3873,1704,829,51.3,21.88,3306,87.48,149066.0,4535.0,6635.0,137896.0,61807.0,76089.0,55.2,23520.0,11426.0,23005.0,2408,720.0,4969.0,14908.0,10.8,66888.0,3.4,7.6,319.5,928009.0,182.99,8.36
W154,2025-09-08,2025,Q3,Sep,None,7615.0,6694.0,1690.0,3272.0,19271.0,2151250,47597,2.21,0.4,3922,1696,843,50.3,22.86,3262,98.17,166496.0,5565.0,7660.0,153271.0,69287.0,83984.0,54.8,23506.0,12298.0,28909.0,2412,718.0,6445.0,19334.0,12.6,66521.0,3.0,7.95,335.8,940455.0,254.85,11.15
W155,2025-09-15,2025,Q3,Sep,None,7826.0,6950.0,1493.0,3186.0,19455.0,1961678,46885,2.39,0.41,3909,1766,847,52.0,22.97,3828,89.0,157174.0,3799.0,6646.0,146729.0,66751.0,79978.0,54.5,23175.0,12210.0,25138.0,2416,715.0,5502.0,16505.0,11.2,59973.0,2.9,7.54,311.1,957672.0,194.46,8.47
W156,2025-09-22,2025,Q3,Sep,None,8795.0,5992.0,1648.0,2872.0,19307.0,1999482,47869,2.39,0.4,3881,1689,759,55.1,25.44,3020,88.65,149730.0,5156.0,5672.0,138902.0,63461.0,75441.0,54.3,23394.0,12197.0,20543.0,2420,712.0,4353.0,13058.0,9.4,52307.0,2.6,7.19,290.7,974286.0,206.81,8.13
W157,2025-09-29,2025,Q3,Sep,None,7867.0,6390.0,1679.0,3137.0,19073.0,1997344,38265,1.92,0.5,3075,1452,546,62.4,34.93,3085,92.46,134252.0,4688.0,4464.0,125100.0,59570.0,65530.0,52.4,23923.0,11756.0,10778.0,2424,710.0,1911.0,5733.0,4.6,37836.0,2.1,6.56,243.6,994048.0,212.82,6.09
W158,2025-10-06,2025,Q4,Oct,None,8801.0,7515.0,1632.0,3307.0,21255.0,2216594,43468,1.96,0.49,3936,1793,880,50.9,24.15,3662,92.36,165601.0,7555.0,8290.0,149756.0,66149.0,83607.0,55.8,23227.0,12341.0,26784.0,2428,708.0,5912.0,17736.0,11.8,48986.0,2.3,7.05,293.4,994194.0,226.7,9.39
W159,2025-10-13,2025,Q4,Oct,None,7918.0,6432.0,1759.0,3731.0,19840.0,2257625,52439,2.32,0.38,4565,1888,961,49.1,20.65,4261,89.44,168863.0,4685.0,6541.0,157637.0,72876.0,84761.0,53.8,23579.0,12368.0,28974.0,2432,705.0,6459.0,19378.0,12.3,67991.0,3.0,7.95,327.2,987310.0,180.12,8.72
W160,2025-10-20,2025,Q4,Oct,Festive Sale,8849.0,7520.0,1833.0,4141.0,22343.0,2636506,56454,2.14,0.4,5093,2312,1123,51.4,19.9,4718,88.08,203641.0,20969.0,14148.0,168524.0,76622.0,91902.0,54.5,23700.0,12408.0,33451.0,2436,702.0,7578.0,22735.0,13.5,58715.0,2.4,7.54,311.3,1010390.0,198.29,9.96
W161,2025-10-27,2025,Q4,Oct,Festive Sale,8969.0,8067.0,2225.0,3888.0,23149.0,2718608,57135,2.1,0.41,4852,2587,1099,57.5,21.06,5637,93.65,242273.0,27430.0,8797.0,206046.0,89386.0,116660.0,56.6,24243.0,13097.0,56171.0,2440,700.0,13258.0,39773.0,19.3,72534.0,2.5,8.9,404.0,1018897.0,196.89,9.35
W162,2025-11-03,2025,Q4,Nov,None,7715.0,7118.0,1870.0,3340.0,20043.0,2311586,46857,2.03,0.43,4175,1621,789,51.3,25.4,3327,90.07,146003.0,5098.0,5101.0,135804.0,62564.0,73240.0,53.9,24045.0,11570.0,17582.0,2444,698.0,3610.0,10830.0,8.0,50706.0,2.6,6.78,265.4,1048584.0,239.53,9.43
W163,2025-11-10,2025,Q4,Nov,None,9316.0,6710.0,1685.0,3284.0,20995.0,2171565,46972,2.16,0.45,3835,1768,874,50.6,24.02,3737,87.97,155531.0,4167.0,7634.0,143730.0,67097.0,76633.0,53.3,23761.0,11348.0,20529.0,2448,695.0,4346.0,13040.0,9.1,48511.0,2.4,6.85,265.0,1059747.0,174.5,7.26
W164,2025-11-17,2025,Q4,Nov,None,7626.0,7313.0,1755.0,3221.0,19915.0,2201691,45897,2.08,0.43,4720,1904,995,47.7,20.02,4167,96.77,184250.0,5082.0,10545.0,168623.0,74500.0,94123.0,55.8,24240.0,11957.0,38011.0,2452,692.0,8717.0,26150.0,15.5,55802.0,2.3,8.47,372.6,1067983.0,209.82,10.48
W165,2025-11-24,2025,Q4,Nov,Black Friday,10092.0,8355.0,1676.0,3558.0,23681.0,2610224,57488,2.2,0.41,4165,1974,839,57.5,28.23,4036,91.38,180384.0,17660.0,8210.0,154514.0,69795.0,84719.0,54.8,23784.0,11953.0,25301.0,2456,690.0,5539.0,16616.0,10.8,58403.0,2.6,6.52,257.8,1076146.0,194.69,6.9
W166,2025-12-01,2025,Q4,Dec,None,7560.0,7067.0,1569.0,3225.0,19421.0,2134510,42666,2.0,0.46,4057,1800,812,54.9,23.92,3995,91.12,164016.0,4106.0,8132.0,151778.0,65422.0,86356.0,56.9,24237.0,12117.0,30581.0,2460,688.0,6858.0,20575.0,13.6,52263.0,2.4,7.82,344.7,1095034.0,194.48,8.13
W167,2025-12-08,2025,Q4,Dec,None,8594.0,6930.0,1672.0,3088.0,20284.0,2147097,42795,1.99,0.47,4106,1903,932,51.0,21.76,3769,87.62,166741.0,4592.0,5044.0,157105.0,68612.0,88493.0,56.3,23701.0,12712.0,31796.0,2464,685.0,7162.0,21485.0,13.7,55043.0,2.5,7.75,336.3,1105460.0,227.2,10.44
W168,2025-12-15,2025,Q4,Dec,Year-End Sale,9780.0,9158.0,1863.0,3509.0,24310.0,2710716,58770,2.17,0.41,4595,2208,1021,53.8,23.81,4715,87.21,192560.0,17880.0,7622.0,167058.0,77611.0,89447.0,53.5,24319.0,12327.0,28491.0,2468,682.0,6335.0,19006.0,11.4,58262.0,2.4,6.87,267.9,1114212.0,229.87,9.65
W169,2025-12-22,2025,Q4,Dec,Year-End Sale,9428.0,7769.0,2117.0,3987.0,23301.0,2488995,65765,2.64,0.35,6763,2808,1166,58.5,19.98,6208,89.78,252102.0,26453.0,9179.0,216470.0,96778.0,119692.0,55.3,23997.0,13743.0,58651.0,2472,680.0,13875.0,41624.0,19.2,86782.0,2.8,9.29,413.7,1108976.0,201.44,10.08
W170,2025-12-29,2025,Q4,Dec,None,8069.0,5753.0,1951.0,3358.0,19131.0,1930126,41394,2.14,0.46,3848,1857,885,52.3,21.62,4047,98.19,182339.0,4809.0,5441.0,172089.0,75504.0,96585.0,56.1,23880.0,12895.0,40679.0,2476,678.0,9381.0,28144.0,16.4,63796.0,2.6,9.0,404.9,1148510.0,209.53,9.69
W171,2026-01-05,2026,Q1,Jan,None,7051.0,6797.0,1434.0,2611.0,17893.0,1883682,42063,2.23,0.43,3902,1383,668,51.7,26.79,3222,90.02,124498.0,2359.0,5719.0,116420.0,52782.0,63638.0,54.7,24109.0,11266.0,10370.0,2480,675.0,1804.0,5411.0,4.6,43408.0,2.6,6.51,255.7,1174084.0,173.77,6.49
W172,2026-01-12,2026,Q1,Jan,None,7645.0,5934.0,1476.0,2968.0,18023.0,1971998,39965,2.03,0.45,3406,1663,771,53.6,23.38,3340,93.69,155806.0,2882.0,4216.0,148708.0,66217.0,82491.0,55.5,24261.0,12251.0,27956.0,2484,672.0,6200.0,18600.0,12.5,60060.0,2.8,8.25,357.7,1169216.0,214.58,9.18
W173,2026-01-19,2026,Q1,Jan,None,7206.0,6202.0,1600.0,3215.0,18223.0,1980056,41029,2.07,0.44,3416,1545,724,53.1,25.17,2989,96.64,149309.0,3351.0,5140.0,140818.0,62761.0,78057.0,55.4,24108.0,11767.0,23959.0,2488,670.0,5200.0,15601.0,11.1,52711.0,2.6,7.73,328.3,1186853.0,219.78,8.73
W174,2026-01-26,2026,Q1,Jan,None,6837.0,6751.0,1760.0,3244.0,18592.0,2081226,41478,1.99,0.45,3456,1634,735,55.0,25.3,3236,85.22,139249.0,3080.0,5668.0,130501.0,60017.0,70484.0,54.0,24395.0,12196.0,15301.0,2492,668.0,3035.0,9106.0,7.0,48138.0,2.6,7.02,279.1,1198471.0,184.29,7.28
W175,2026-02-02,2026,Q1,Feb,None,7068.0,5699.0,1502.0,3360.0,17629.0,1994404,33950,1.7,0.52,2992,1298,674,48.1,26.16,2829,98.19,127451.0,3705.0,4888.0,118858.0,51901.0,66957.0,56.3,24153.0,11697.0,13478.0,2496,665.0,2579.0,7738.0,6.5,47403.0,2.8,6.74,279.8,1205571.0,235.85,9.02
W176,2026-02-09,2026,Q1,Feb,Valentine Promo,9325.0,6952.0,1983.0,3731.0,21991.0,2275773,47639,2.09,0.46,4583,1875,795,57.6,27.66,4050,86.32,161850.0,20592.0,7797.0,133461.0,58750.0,74711.0,56.0,24478.0,11268.0,16974.0,2500,662.0,3453.0,10359.0,7.8,54282.0,2.8,6.07,239.7,1206372.0,208.76,7.55
W177,2026-02-16,2026,Q1,Feb,None,8728.0,5770.0,1874.0,2986.0,19358.0,2035928,37225,1.83,0.52,3218,1504,657,56.3,29.46,3177,95.73,143978.0,3712.0,6831.0,133435.0,60432.0,73003.0,54.7,24469.0,11817.0,17359.0,2504,660.0,3549.0,10646.0,8.0,49920.0,2.6,6.89,277.1,1218560.0,225.01,7.64
W178,2026-02-23,2026,Q1,Feb,None,8003.0,6180.0,1481.0,2954.0,18618.0,1999908,35249,1.76,0.53,2739,1340,617,54.0,30.18,2633,95.5,127970.0,3245.0,6674.0,118051.0,54555.0,63496.0,53.8,24379.0,12113.0,8386.0,2508,658.0,1305.0,3915.0,3.3,45240.0,2.7,6.34,241.0,1227706.0,210.92,6.99
W179,2026-03-02,2026,Q1,Mar,None,7906.0,6795.0,1535.0,3297.0,19533.0,1986178,38148,1.92,0.51,3494,1619,802,50.5,24.36,3549,98.77,159909.0,4375.0,8158.0,147376.0,68712.0,78664.0,53.4,24320.0,11977.0,22834.0,2512,655.0,4917.0,14750.0,10.0,51394.0,2.4,7.54,302.7,1231439.0,204.09,8.38
W180,2026-03-09,2026,Q1,Mar,None,8194.0,6887.0,1649.0,3330.0,20060.0,2310810,53120,2.3,0.38,4907,2208,883,60.0,22.72,4312,96.84,213823.0,8111.0,11573.0,194139.0,86247.0,107892.0,55.6,24498.0,13173.0,50161.0,2516,652.0,11748.0,35245.0,18.2,67089.0,2.4,9.68,437.8,1235882.0,236.9,10.43
W181,2026-03-16,2026,Q1,Mar,None,8837.0,6825.0,1650.0,3565.0,20877.0,2175566,45542,2.09,0.46,4110,1582,645,59.2,32.37,3542,85.83,135783.0,4613.0,6108.0,125062.0,57770.0,67292.0,53.8,24629.0,11840.0,9946.0,2520,650.0,1694.0,5082.0,4.1,51371.0,2.9,5.99,222.3,1256662.0,194.11,6.0
W182,2026-03-23,2026,Q1,Mar,Spring Launch,9779.0,7177.0,2153.0,4189.0,23298.0,2271228,56635,2.49,0.41,5152,2381,901,62.2,25.86,5817,88.28,210195.0,24404.0,9969.0,175822.0,77802.0,98020.0,55.7,25033.0,12231.0,37458.0,2524,648.0,8572.0,25714.0,14.6,69942.0,2.8,7.55,320.7,1253472.0,219.63,8.49
W183,2026-03-30,2026,Q1,Mar,Spring Launch,9430.0,6731.0,2089.0,3885.0,22135.0,2207366,52130,2.36,0.42,4318,1950,900,53.8,24.59,4181,91.74,178893.0,15871.0,8782.0,154240.0,73013.0,81227.0,52.7,24791.0,12427.0,21874.0,2528,645.0,4675.0,14026.0,9.1,61420.0,2.8,6.97,267.0,1271534.0,214.52,8.72
W184,2026-04-06,2026,Q2,Apr,None,8937.0,6885.0,1537.0,3058.0,20417.0,2026990,44946,2.22,0.45,3486,1600,664,58.5,30.75,3472,94.39,151024.0,4138.0,6967.0,139919.0,61211.0,78708.0,56.3,24834.0,11388.0,22069.0,2532,642.0,4724.0,14171.0,10.1,54741.0,2.7,6.85,285.5,1287831.0,200.53,6.52
W185,2026-04-13,2026,Q2,Apr,None,8612.0,6685.0,1832.0,3301.0,20430.0,2154175,42327,1.96,0.48,3304,1424,633,55.5,32.27,2906,97.04,138185.0,4417.0,5779.0,127989.0,59723.0,68266.0,53.3,25388.0,11466.0,10982.0,2536,640.0,1952.0,5854.0,4.6,48872.0,2.7,6.26,234.1,1299163.0,194.98,6.04
W186,2026-04-20,2026,Q2,Apr,None,9331.0,7191.0,1710.0,3454.0,21686.0,2256706,49164,2.18,0.44,3536,1704,829,51.3,26.16,3208,98.33,167554.0,5614.0,7094.0,154846.0,68680.0,86166.0,55.6,24788.0,12692.0,27000.0,2540,638.0,5956.0,17866.0,11.5,63155.0,2.9,7.14,297.3,1296353.0,217.23,8.3
W187,2026-04-27,2026,Q2,Apr,None,8597.0,7364.0,1956.0,3379.0,21296.0,2224185,49139,2.21,0.43,4270,1583,688,56.5,30.95,3210,97.73,154707.0,3799.0,5950.0,144958.0,68900.0,76058.0,52.5,24813.0,12216.0,17733.0,2544,635.0,3638.0,10916.0,7.5,60506.0,2.9,6.81,257.1,1307004.0,199.24,6.44
W188,2026-05-04,2026,Q2,May,None,7815.0,7137.0,1729.0,3312.0,19993.0,2234918,45000,2.01,0.44,3795,1820,854,53.1,23.41,3583,94.68,172318.0,5207.0,8336.0,158775.0,72808.0,85967.0,54.1,24901.0,12237.0,28836.0,2548,632.0,6414.0,19242.0,12.1,66122.0,2.9,7.94,330.0,1313557.0,226.74,9.69
W189,2026-05-11,2026,Q2,May,None,7780.0,7494.0,1739.0,3536.0,20549.0,2301554,50264,2.18,0.41,4096,1665,746,55.2,27.55,3207,88.54,147419.0,2626.0,6523.0,138270.0,60663.0,77607.0,56.1,24511.0,12136.0,20411.0,2552,630.0,4307.0,12922.0,9.3,51985.0,2.6,6.73,277.7,1336707.0,213.85,7.76
W190,2026-05-18,2026,Q2,May,None,9658.0,7274.0,1901.0,3373.0,22206.0,2341836,51167,2.18,0.43,3139,1553,756,51.3,29.37,3582,93.95,145904.0,4562.0,5792.0,135550.0,60259.0,75291.0,55.5,24684.0,11888.0,16513.0,2556,628.0,3332.0,9997.0,7.4,59029.0,3.0,6.1,239.1,1337218.0,236.19,8.04
W191,2026-05-25,2026,Q2,May,None,9756.0,7466.0,1940.0,3361.0,22523.0,2384001,48099,2.02,0.47,3608,1690,810,52.1,27.81,3604,97.38,164572.0,5690.0,6534.0,152348.0,70176.0,82172.0,53.9,24701.0,12262.0,22686.0,2560,625.0,4875.0,14626.0,9.6,59284.0,2.7,6.76,264.8,1346836.0,226.69,8.15
W192,2026-06-01,2026,Q2,Jun,None,8639.0,6878.0,1909.0,3610.0,21036.0,2313017,44678,1.93,0.47,4198,2043,883,56.8,23.82,4383,91.7,187343.0,5305.0,6616.0,175422.0,81460.0,93962.0,53.6,25021.0,12990.0,34915.0,2564,622.0,7932.0,23797.0,13.6,71098.0,2.8,8.34,346.7,1349484.0,209.51,8.8
W193,2026-06-08,2026,Q2,Jun,None,8552.0,7175.0,1640.0,3449.0,20816.0,2004043,38525,1.92,0.54,3070,1522,690,54.7,30.17,3140,98.39,149750.0,6125.0,7911.0,135714.0,61059.0,74655.0,55.0,24850.0,11651.0,17338.0,2568,620.0,3538.0,10612.0,7.8,53103.0,2.7,6.52,258.6,1375353.0,246.76,8.18
W194,2026-06-15,2026,Q2,Jun,None,9722.0,7394.0,1936.0,3623.0,22675.0,2335748,49354,2.11,0.46,4337,1857,932,49.8,24.33,3861,99.56,184883.0,4569.0,8436.0,171878.0,77718.0,94160.0,54.8,24961.0,12691.0,33833.0,2572,618.0,7661.0,22982.0,13.4,67012.0,2.7,7.58,315.3,1375507.0,236.84,9.73
W195,2026-06-22,2026,Q2,Jun,None,8161.0,7736.0,1736.0,3641.0,21274.0,2084831,44804,2.15,0.47,3310,1570,747,52.4,28.48,3479,96.65,151740.0,4750.0,5781.0,141209.0,64953.0,76256.0,54.0,25232.0,11945.0,17805.0,2576,615.0,3654.0,10960.0,7.8,49504.0,2.5,6.64,258.4,1401071.0,220.27,7.73
W196,2026-06-29,2026,Q2,Jun,None,8312.0,7130.0,1907.0,3295.0,20644.0,2198943,43564,1.98,0.47,4204,2069,836,59.6,24.69,4337,84.46,174748.0,5205.0,8994.0,160549.0,72719.0,87830.0,54.7,25209.0,11832.0,30145.0,2580,612.0,6738.0,20215.0,12.6,65513.0,2.9,7.78,325.5,1397750.0,214.56,8.69
W197,2026-07-06,2026,Q3,Jul,None,9281.0,7612.0,1692.0,3466.0,22051.0,2345751,49354,2.1,0.45,4138,1954,950,51.4,23.21,4228,91.42,178635.0,5252.0,7238.0,166145.0,72429.0,93716.0,56.4,24986.0,12219.0,34460.0,2584,610.0,7816.0,23450.0,14.1,82044.0,3.5,7.53,325.0,1395528.0,218.34,9.41
W198,2026-07-13,2026,Q3,Jul,Mid-Year Sale,10200.0,8513.0,2288.0,4663.0,25664.0,2935063,70018,2.39,0.37,6114,2543,1059,58.4,24.23,5280,99.57,253207.0,26742.0,8545.0,217920.0,96437.0,121483.0,55.7,24892.0,14259.0,56668.0,2588,608.0,13368.0,40104.0,18.4,79543.0,2.6,8.49,373.4,1420668.0,227.87,9.4
W199,2026-07-20,2026,Q3,Jul,None,8889.0,7292.0,1775.0,3299.0,21255.0,2380367,52195,2.19,0.41,5408,2255,1165,48.3,18.24,4643,94.42,212917.0,6524.0,11321.0,195072.0,88714.0,106358.0,54.5,25378.0,13337.0,46388.0,2592,605.0,10798.0,32393.0,16.6,74681.0,2.7,9.18,400.4,1444319.0,203.19,11.14
W200,2026-07-27,2026,Q3,Jul,None,8786.0,7777.0,1711.0,3058.0,21332.0,2279848,53184,2.33,0.4,5166,1971,987,49.9,21.61,3806,88.96,175340.0,6152.0,7137.0,162051.0,75500.0,86551.0,53.4,25321.0,12003.0,27895.0,2596,602.0,6174.0,18523.0,11.4,58687.0,2.5,7.6,305.7,1472170.0,209.54,9.7
W201,2026-08-03,2026,Q3,Aug,None,9089.0,6318.0,1972.0,3118.0,20497.0,2036245,46662,2.29,0.44,3852,1837,866,52.9,23.67,3422,101.5,186456.0,7135.0,7781.0,171540.0,80777.0,90763.0,52.9,24756.0,12115.0,33395.0,2600,600.0,7549.0,22646.0,13.2,61837.0,2.5,8.37,342.8,1482944.0,245.44,10.37
W202,2026-08-10,2026,Q3,Aug,None,9738.0,6665.0,1907.0,3587.0,21897.0,2324692,45327,1.95,0.48,3638,1528,712,53.4,30.75,3161,96.87,148017.0,4439.0,6710.0,136868.0,62952.0,73916.0,54.0,25114.0,12001.0,14904.0,2604,598.0,2926.0,8776.0,6.4,60465.0,3.1,6.25,237.6,1491308.0,218.91,7.12
W203,2026-08-17,2026,Q3,Aug,None,8901.0,6555.0,1791.0,3580.0,20827.0,2145658,50477,2.35,0.41,4159,1978,893,54.9,23.32,4167,101.19,200154.0,6984.0,10836.0,182334.0,82985.0,99349.0,54.5,25268.0,13589.0,39665.0,2608,595.0,9116.0,27346.0,15.0,64379.0,2.5,8.75,377.0,1503674.0,253.26,10.86
W204,2026-08-24,2026,Q3,Aug,None,9219.0,6103.0,2056.0,3533.0,20911.0,2154645,43531,2.02,0.48,3878,1805,879,51.3,23.79,3512,98.08,177034.0,4566.0,7995.0,164473.0,75704.0,88769.0,54.0,25457.0,12542.0,29859.0,2612,592.0,6664.0,19991.0,12.2,59381.0,2.5,7.87,324.5,1521280.0,191.14,8.03
W205,2026-08-31,2026,Q3,Aug,None,7532.0,6927.0,1803.0,3853.0,20115.0,2348606,53002,2.26,0.38,4461,2292,1020,55.5,19.72,4804,98.88,226633.0,7841.0,8024.0,210768.0,93601.0,117167.0,55.6,25523.0,14074.0,57455.0,2616,590.0,13562.0,40687.0,19.3,66708.0,2.2,10.48,482.5,1536912.0,229.99,11.66
W206,2026-09-07,2026,Q3,Sep,None,8734.0,7627.0,1858.0,2877.0,21096.0,2137449,45104,2.11,0.47,3691,1599,751,53.0,28.09,3368,98.6,157661.0,4009.0,7781.0,145871.0,65488.0,80383.0,55.1,25398.0,12403.0,21486.0,2620,588.0,4570.0,13708.0,9.4,51010.0,2.4,6.91,281.0,1562084.0,227.53,8.1
W207,2026-09-14,2026,Q3,Sep,None,8216.0,7076.0,1882.0,3624.0,20798.0,2341273,47719,2.04,0.44,4616,1998,989,50.5,21.03,3679,100.0,199800.0,7301.0,8216.0,184283.0,81408.0,102875.0,55.8,25508.0,13228.0,43341.0,2624,585.0,10033.0,30099.0,16.3,57434.0,2.2,8.86,394.6,1573334.0,222.19,10.57
W208,2026-09-21,2026,Q3,Sep,None,7955.0,7291.0,1760.0,3896.0,20902.0,2399018,43874,1.83,0.48,3689,1909,835,56.3,25.03,3799,106.25,202831.0,8775.0,12191.0,181865.0,79402.0,102463.0,56.3,25409.0,12466.0,43686.0,2628,582.0,10119.0,30357.0,16.7,73705.0,2.8,8.7,390.2,1574870.0,294.02,11.75
